Ticker,accountsPayable,capitalSurplus,cash,commonStock,deferredLongTermAssetCharges,deferredLongTermLiab,goodWill,intangibleAssets,inventory,longTermDebt,longTermInvestments,minorityInterest_x,netReceivables,netTangibleAssets,otherAssets,otherCurrentAssets,otherCurrentLiab,otherLiab,otherStockholderEquity,propertyPlantEquipment,retainedEarnings,shortLongTermDebt,shortTermInvestments,totalAssets,totalCurrentAssets,totalCurrentLiabilities,totalLiab,totalStockholderEquity,treasuryStock,costOfRevenue,discontinuedOperations,ebit,grossProfit,incomeBeforeTax,incomeTaxExpense,interestExpense,minorityInterest_y,netIncome_x,netIncomeApplicableToCommonShares,netIncomeFromContinuingOps,operatingIncome,otherOperatingExpenses,researchDevelopment,sellingGeneralAdministrative,totalOperatingExpenses,totalOtherIncomeExpenseNet,totalRevenue,capitalExpenditures,changeInCash,changeToAccountReceivables,changeToInventory,changeToLiabilities,changeToNetincome,changeToOperatingActivities,depreciation,dividendsPaid,effectOfExchangeRate,investments,issuanceOfStock,netBorrowings,netIncome_y,otherCashflowsFromFinancingActivities,otherCashflowsFromInvestingActivities,repurchaseOfStock,totalCashFromFinancingActivities,totalCashFromOperatingActivities,totalCashflowsFromInvestingActivities,Enterprise Value,Enterprise Value/EBITDA,Enterprise Value/Revenue,Forward P/E,Market Cap (intraday),PEG Ratio (5 yr expected),Price/Book (mrq),Price/Sales (ttm),Trailing P/E,% Held by Insiders 1,% Held by Institutions 1,200-Day Moving Average 3,5 Year Average Dividend Yield 4,50-Day Moving Average 3,52 Week High 3,52 Week Low 3,52-Week Change 3,Avg Vol (10 day) 3,Avg Vol (3 month) 3,Beta (5Y Monthly),Book Value Per Share (mrq),Current Ratio (mrq),Diluted EPS (ttm),Dividend Date 3,EBITDA,Ex-Dividend Date 4,Fiscal Year Ends,Float 8,Forward Annual Dividend Rate 4,Forward Annual Dividend Yield 4,Gross Profit (ttm),Last Split Date 3,Last Split Factor 2,Levered Free Cash Flow (ttm),Most Recent Quarter (mrq),Net Income Avi to Common (ttm),Operating Cash Flow (ttm),Operating Margin (ttm),Payout Ratio 4,Profit Margin,Quarterly Earnings Growth (yoy),Quarterly Revenue Growth (yoy),Return on Assets (ttm),Return on Equity (ttm),Revenue (ttm),Revenue Per Share (ttm),S&P500 52-Week Change 3,Shares Outstanding 5,"Shares Short (Dec 14, 2021) 4","Shares Short (Dec 30, 2021) 4","Shares Short (Feb 14, 2022) 4","Shares Short (Jan 13, 2022) 4","Shares Short (Jan 30, 2022) 4","Shares Short (Mar 30, 2022) 4","Shares Short (prior month Dec 14, 2021) 4","Shares Short (prior month Dec 30, 2021) 4","Shares Short (prior month Feb 27, 2022) 4","Shares Short (prior month Jan 13, 2022) 4","Shares Short (prior month Nov 14, 2021) 4","Shares Short (prior month Nov 29, 2021) 4","Short % of Float (Dec 14, 2021) 4","Short % of Float (Dec 30, 2021) 4","Short % of Float (Feb 14, 2022) 4","Short % of Float (Jan 13, 2022) 4","Short % of Float (Jan 30, 2022) 4","Short % of Float (Mar 30, 2022) 4","Short % of Shares Outstanding (Dec 14, 2021) 4","Short % of Shares Outstanding (Dec 30, 2021) 4","Short % of Shares Outstanding (Feb 14, 2022) 4","Short % of Shares Outstanding (Jan 13, 2022) 4","Short % of Shares Outstanding (Jan 30, 2022) 4","Short % of Shares Outstanding (Mar 30, 2022) 4","Short Ratio (Dec 14, 2021) 4","Short Ratio (Dec 30, 2021) 4","Short Ratio (Feb 14, 2022) 4","Short Ratio (Jan 13, 2022) 4","Short Ratio (Jan 30, 2022) 4","Short Ratio (Mar 30, 2022) 4",Total Cash (mrq),Total Cash Per Share (mrq),Total Debt (mrq),Total Debt/Equity (mrq),Trailing Annual Dividend Rate 3,Trailing Annual Dividend Yield 3
A,475000000.0,5290000000.0,1113000000.0,3000000.0,,,3964000000.0,929000000.0,879000000.0,2730000000.0,191000000.0,,1205000000.0,261000000.0,625000000.0,232000000.0,592000000.0,685000000.0,-298000000.0,1144000000.0,159000000.0,,45000000.0,10327000000.0,3474000000.0,1584000000.0,5173000000.0,5154000000.0,-298000000.0,764000000.0,,393000000.0,910000000.0,319000000.0,36000000.0,-21000000.0,,283000000.0,283000000.0,283000000.0,393000000.0,,117000000.0,400000000.0,1281000000.0,-74000000.0,1674000000.0,-75000000.0,-374000000.0,-46000000.0,-54000000.0,37000000.0,123000000.0,-170000000.0,82000000.0,-63000000.0,-4000000.0,-3000000.0,27000000.0,,283000000.0,,-1000000.0,-510000000.0,-546000000.0,255000000.0,-79000000.0,42.05B,23.66,6.52,27.86,40.48B,2.69,7.85,6.39,34.23,0.24%,91.37%,150.86,0.75,134.19,179.57,123.06,-5.29%,2.2M,2.08M,1.05,17.16,2.19,3.94,"Apr 26, 2022",1.79B,"Apr 03, 2022","Oct 30, 2021",299.27M,0.84,0.66%,3.41B,"Nov 02, 2014",1398:1000,1.13B,"Jan 30, 2022",1.2B,1.5B,22.65%,20.10%,18.70%,-1.70%,8.10%,9.12%,24.20%,6.45B,21.29,5.51%,300.11M,,,,,,4.16M,,,4.42M,,,,,,,,,1.39%,,,,,,1.39%,,,,,,2.03,1.16B,3.86,2.9B,56.34,0.79,0.62%
AAL,1772000000.0,7234000000.0,273000000.0,6000000.0,3556000000.0,,4091000000.0,1988000000.0,1795000000.0,35008000000.0,239000000.0,,1505000000.0,-13419000000.0,5943000000.0,990000000.0,8983000000.0,12620000000.0,-5942000000.0,36870000000.0,-8638000000.0,2315000000.0,12158000000.0,66467000000.0,17336000000.0,19006000000.0,73807000000.0,-7340000000.0,-5942000000.0,7999000000.0,,-715000000.0,1428000000.0,-1191000000.0,-259000000.0,-468000000.0,,-932000000.0,-932000000.0,-932000000.0,-715000000.0,1210000000.0,,353000000.0,10142000000.0,-476000000.0,9427000000.0,-387000000.0,-23000000.0,-304000000.0,,1855000000.0,-1969000000.0,-510000000.0,660000000.0,,,2065000000.0,,-610000000.0,-932000000.0,54000000.0,48000000.0,-5000000.0,-561000000.0,-1200000000.0,1738000000.0,44.52B,28.05,1.49,7.39,10.77B,,,0.36,2.81,1.08%,54.34%,18.78,,16.87,26.04,12.44,-11.83%,37.81M,45.22M,1.59,-11.33,0.91,-3.10,"Feb 18, 2020",-2.84B,"Feb 03, 2020","Dec 30, 2021",641.8M,,,1.93B,,,-124.62M,"Dec 30, 2021",-1.99B,704M,-17.33%,0.00%,-6.67%,,134.00%,-5.04%,,29.88B,46.40,5.51%,649.16M,,,,,,92.67M,,,85.39M,,,,,,,,,16.01%,,,,,,14.28%,,,,,,1.77,12.43B,19.15,46.18B,,0.00,0.00%
AAP,3922007000.0,845407000.0,601428000.0,8000.0,,,993744000.0,651217000.0,4659018000.0,1034320000.0,,,782785000.0,1483330000.0,73651000.0,232245000.0,141877000.0,513640000.0,-22627000.0,4200121000.0,4605791000.0,,,12194209000.0,6275476000.0,5180307000.0,9065918000.0,3128291000.0,-2322915000.0,1324861000.0,,119798000.0,1072114000.0,99965000.0,18296000.0,-9706000.0,,81669000.0,81669000.0,81669000.0,119798000.0,,,924729000.0,2277177000.0,-19833000.0,2396975000.0,-98656000.0,-3217000.0,147953000.0,-211265000.0,172671000.0,41219000.0,-110117000.0,65196000.0,,3264000.0,,1337000.0,,81669000.0,-7000.0,,-96704000.0,-95374000.0,187326000.0,-98433000.0,16.56B,15.01,1.51,16.61,13.79B,1.27,4.41,1.32,23.64,0.45%,101.68%,218.78,0.44,213.11,244.55,187.16,13.58%,707.11k,884.21k,1.29,50.89,1.21,9.55,"Mar 31, 2022",1.16B,"Mar 16, 2022","Dec 31, 2021",60.36M,6,2.74%,4.93B,"Sep 25, 2005",3:2,768.02M,"Dec 31, 2021",616.11M,1.11B,8.20%,34.03%,5.60%,-27.10%,1.30%,4.69%,18.42%,11B,171.77,5.51%,61.09M,,,,,,3.42M,,,3.1M,,,,,,,,,6.31%,,,,,,5.60%,,,,,,3.67,601.43M,9.93,3.84B,122.66,3.25,1.47%
AAPL,74362000000.0,,37119000000.0,58424000000.0,,,,,5876000000.0,106629000000.0,138683000000.0,,65253000000.0,71932000000.0,50109000000.0,18112000000.0,57043000000.0,55056000000.0,-927000000.0,39245000000.0,14435000000.0,11169000000.0,26794000000.0,381191000000.0,153154000000.0,147574000000.0,309259000000.0,71932000000.0,-927000000.0,69702000000.0,,41488000000.0,54243000000.0,41241000000.0,6611000000.0,-694000000.0,,34630000000.0,34630000000.0,34630000000.0,41488000000.0,,6306000000.0,6449000000.0,82457000000.0,-247000000.0,123945000000.0,-2803000000.0,2701000000.0,-3934000000.0,681000000.0,20275000000.0,3114000000.0,-10497000000.0,2697000000.0,-3732000000.0,,-12929000000.0,,-1000000000.0,34630000000.0,-61000000.0,-374000000.0,-23366000000.0,-28159000000.0,46966000000.0,-16106000000.0,2.83T,21.66,7.49,28.33,2.78T,3.29,38.59,7.52,28.21,0.07%,59.37%,158.37,1.11,167.79,182.94,122.25,22.58%,76.91M,93.25M,1.19,4.40,1.04,6.01,"Feb 09, 2022",128.22B,"Feb 03, 2022","Sep 24, 2021",16.3B,0.88,0.52%,152.84B,"Aug 30, 2020",4:1,80.15B,"Dec 24, 2021",100.55B,112.24B,30.90%,14.34%,26.58%,20.40%,11.20%,19.88%,145.57%,378.32B,22.84,5.51%,16.32B,,,,,,101.97M,,,110.32M,,,,,,,,,0.63%,,,,,,0.62%,,,,,,1.08,63.91B,3.92,122.8B,170.71,0.87,0.51%
ABBV,2882000000.0,18305000000.0,9746000000.0,18000000.0,,,32379000000.0,75951000000.0,3128000000.0,64179000000.0,318000000.0,28000000.0,9977000000.0,-92922000000.0,4081000000.0,226000000.0,8932000000.0,30982000000.0,-2899000000.0,5872000000.0,3127000000.0,12479000000.0,84000000.0,146529000000.0,27928000000.0,35194000000.0,131093000000.0,15408000000.0,-6042000000.0,4280000000.0,,5590000000.0,10606000000.0,4271000000.0,226000000.0,-580000000.0,28000000.0,4044000000.0,4023000000.0,4045000000.0,5590000000.0,68000000.0,1812000000.0,3136000000.0,9296000000.0,-1319000000.0,14886000000.0,-187000000.0,-2436000000.0,-749000000.0,-112000000.0,174000000.0,136000000.0,265000000.0,1979000000.0,-2314000000.0,-28000000.0,-36000000.0,75000000.0,-3752000000.0,4044000000.0,-216000000.0,143000000.0,-131000000.0,-6338000000.0,5075000000.0,-1145000000.0,375.88B,15.71,6.69,12.02,309.03B,,19.47,5.37,26.33,0.11%,68.99%,127.71,4.27,153.80,175.91,105.56,49.44%,8.86M,8.03M,0.78,8.71,0.79,6.45,"May 15, 2022",28.05B,"Apr 13, 2022","Dec 30, 2021",1.76B,5.64,3.55%,38.88B,,,19.25B,"Dec 30, 2021",11.47B,22.78B,34.75%,80.62%,20.54%,"11,133.30%",7.40%,8.22%,80.95%,56.2B,31.75,5.51%,1.77B,,,,,,13.44M,,,15.99M,,,,,,,,,0.76%,,,,,,0.76%,,,,,,1.99,9.83B,5.56,77.6B,502.70,5.31,3.34%
ABC,38617734000.0,5546614000.0,3168881000.0,2920000.0,270049000.0,,8921790000.0,5080673000.0,16293933000.0,6412537000.0,,359575000.0,17329294000.0,-13760917000.0,2066519000.0,2188401000.0,982179000.0,7889885000.0,-822783000.0,2129697000.0,2019077000.0,268563000.0,,57577564000.0,39378885000.0,41613605000.0,56976443000.0,241546000.0,-7327065000.0,57568451000.0,,714320000.0,2060359000.0,596205000.0,146789000.0,-56632000.0,359575000.0,449105000.0,449105000.0,449416000.0,714320000.0,,,1170110000.0,58914490000.0,-118115000.0,59628810000.0,-79691000.0,612252000.0,716380000.0,-989993000.0,824056000.0,41561000.0,-398254000.0,177270000.0,-100541000.0,-2654000.0,,38937000.0,-6486000.0,449105000.0,-3779000.0,-788000.0,-34554000.0,-106423000.0,863411000.0,-143120000.0,38.11B,12.35,0.17,15.08,34.60B,1.82,140.83,0.15,21.10,28.39%,65.86%,129.69,1.69,148.67,166.90,111.34,34.90%,1.37M,1.21M,0.46,1.15,0.95,7.71,"Feb 27, 2022",3.35B,"Feb 10, 2022","Sep 29, 2021",149.69M,1.84,1.13%,6.77B,"Jun 15, 2009",2:1,1.95B,"Dec 30, 2021",1.61B,2.63B,1.25%,23.09%,0.73%,19.80%,13.50%,3.35%,"3,606.71%",221.1B,1068.70,5.51%,209.14M,,,,,,2.33M,,,2M,,,,,,,,,1.56%,,,,,,1.11%,,,,,,2.1,3.17B,15.15,7.99B,1329.00,1.78,1.09%
ABMD,32066000.0,853210000.0,144255000.0,455000.0,3680000.0,15378000.0,77449000.0,31241000.0,90199000.0,2131000.0,374174000.0,,88952000.0,1324248000.0,19058000.0,,27831000.0,24565000.0,-20489000.0,205949000.0,904187000.0,,524966000.0,1592877000.0,885006000.0,126796000.0,159939000.0,1432938000.0,-324914000.0,47627000.0,,65062000.0,213549000.0,57877000.0,12125000.0,,,45752000.0,45752000.0,45752000.0,65062000.0,,40869000.0,107618000.0,196114000.0,-7185000.0,261176000.0,-6478000.0,-97627000.0,218000.0,-7896000.0,4668000.0,23392000.0,17427000.0,6926000.0,,-1932000.0,-173543000.0,440000.0,,45752000.0,-2334000.0,,-4267000.0,-6161000.0,90487000.0,-180021000.0,13.65B,48.37,13.60,,14.32B,,9.99,14.37,108.09,2.01%,95.36%,327.66,,307.79,379.30,261.27,-7.09%,223.08k,353.06k,1.33,31.48,6.98,2.91,,280.84M,,"Mar 30, 2021",44.63M,,,685.62M,"Oct 01, 2000",2:1,191.92M,"Dec 30, 2021",133.04M,292.89M,25.32%,0.00%,13.26%,-26.00%,12.70%,10.51%,9.88%,1B,22.11,5.51%,45.52M,,,,,,1.26M,,,1.27M,,,,,,,,,3.17%,,,,,,2.77%,,,,,,4.94,669.22M,14.7,11.16M,0.78,0.00,0.00%
ABT,4408000000.0,,9799000000.0,24470000000.0,3972000000.0,,23231000000.0,12739000000.0,5157000000.0,17296000000.0,512000000.0,222000000.0,6487000000.0,-168000000.0,4363000000.0,292000000.0,1234000000.0,7815000000.0,-8374000000.0,10112000000.0,31528000000.0,754000000.0,450000000.0,75196000000.0,24239000000.0,13105000000.0,39172000000.0,35802000000.0,-20196000000.0,4297000000.0,,2946000000.0,7171000000.0,2327000000.0,338000000.0,-131000000.0,222000000.0,1989000000.0,1981000000.0,1989000000.0,2946000000.0,,758000000.0,2953000000.0,8522000000.0,-619000000.0,11468000000.0,-614000000.0,497000000.0,-189000000.0,15000000.0,1288000000.0,161000000.0,-172000000.0,883000000.0,-798000000.0,-13000000.0,-69000000.0,82000000.0,-196000000.0,1989000000.0,,12000000.0,-974000000.0,-1886000000.0,3067000000.0,-671000000.0,226.11B,18.41,5.25,25.64,217.35B,8.48,6.07,5.12,31.28,0.73%,75.29%,124.69,1.58,120.83,142.60,105.36,-5.49%,4.7M,5.96M,0.73,20.30,1.85,3.94,"May 15, 2022",12.76B,"Apr 12, 2022","Dec 30, 2021",1.75B,1.88,1.57%,25.01B,"Jan 01, 2013",10000:4798,7.68B,"Dec 30, 2021",7.04B,10.53B,21.40%,45.69%,16.42%,-8.00%,7.20%,7.80%,20.49%,43.07B,24.27,5.51%,1.76B,,,,,,12.1M,,,10.38M,,,,,,,,,0.70%,,,,,,0.69%,,,,,,2.23,10.25B,5.81,19.25B,53.44,1.82,1.52%
ACN,2229221000.0,10065790000.0,5466116000.0,72000.0,4018121000.0,793800000.0,12427823000.0,,,52152000.0,336876000.0,596956000.0,11590876000.0,8132200000.0,7462304000.0,2122107000.0,5212073000.0,4805065000.0,-236889000.0,4905704000.0,16028399000.0,9092000.0,6031000.0,44317837000.0,19185130000.0,15540122000.0,23160858000.0,20560023000.0,-5534238000.0,10522734000.0,,2061580000.0,4523959000.0,2050450000.0,392921000.0,-11216000.0,596956000.0,1634942000.0,1634942000.0,1657529000.0,2061580000.0,,,2462379000.0,12985113000.0,-11130000.0,15046693000.0,-164660000.0,-171001000.0,-446150000.0,,734329000.0,734526000.0,-906052000.0,269142000.0,-615926000.0,-17277000.0,,292747000.0,-5429000.0,1634942000.0,-14753000.0,2430000.0,-1693354000.0,-2036715000.0,2155493000.0,-272502000.0,200.43B,19.04,3.54,29.59,202.35B,2.38,9.84,3.63,32.17,0.12%,74.08%,342.01,1.48,326.89,417.37,276.88,11.49%,2.36M,2.71M,1.24,32.46,1.24,9.92,"May 12, 2022",9.51B,"Apr 12, 2022","Aug 30, 2021",632.65M,3.88,1.19%,16.36B,,,5.44B,"Feb 27, 2022",6.39B,7.52B,15.12%,37.26%,11.27%,13.50%,24.50%,12.71%,32.42%,56.69B,89.46,5.51%,633.4M,,,,,,3.34M,,,4.07M,,,,,,,,,0.53%,,,,,,0.53%,,,,,,1.21,5.47B,8.64,3.55B,16.79,3.79,1.16%
ADBE,312000000.0,8428000000.0,3844000000.0,,1085000000.0,,12721000000.0,1820000000.0,,4123000000.0,,,1878000000.0,256000000.0,1933000000.0,,4787000000.0,936000000.0,-137000000.0,2116000000.0,23905000000.0,,1954000000.0,27241000000.0,8651000000.0,6932000000.0,12444000000.0,14797000000.0,-17536000000.0,507000000.0,,1501000000.0,3603000000.0,1468000000.0,235000000.0,-28000000.0,,1233000000.0,1233000000.0,1233000000.0,1501000000.0,,657000000.0,1405000000.0,2609000000.0,-33000000.0,4110000000.0,-81000000.0,-779000000.0,,,482000000.0,363000000.0,-235000000.0,205000000.0,,-28000000.0,-428000000.0,,,1233000000.0,38000000.0,,-1116000000.0,-1078000000.0,2048000000.0,-1721000000.0,205.24B,30.49,12.71,31.65,205.27B,1.88,14.90,12.89,43.14,0.33%,84.94%,572.78,,456.16,699.54,407.94,-18.55%,2.78M,3.89M,1.05,29.18,1.04,10.07,,6.52B,"Mar 23, 2005","Dec 02, 2021",471.05M,,,13.92B,"May 23, 2005",2:1,5.72B,"Mar 03, 2022",4.83B,7.23B,36.72%,0.00%,29.90%,0.40%,9.10%,14.54%,35.33%,16.14B,33.93,5.51%,472.5M,,,,,,6.82M,,,7.54M,,,,,,,,,1.45%,,,,,,1.44%,,,,,,1.61,4.7B,9.95,4.66B,33.87,0.00,0.00%
AFL,3081000000.0,2529000000.0,5051000000.0,135000000.0,,,268000000.0,9525000000.0,,7839000000.0,124179000000.0,,693000000.0,32985000000.0,12952000000.0,2610000000.0,8480000000.0,102556000000.0,7393000000.0,538000000.0,41381000000.0,54000000.0,1726000000.0,157542000000.0,10080000000.0,13829000000.0,124289000000.0,33253000000.0,-10792000000.0,3185000000.0,,1289000000.0,2251000000.0,1232000000.0,193000000.0,-57000000.0,,1039000000.0,1039000000.0,1039000000.0,1289000000.0,,,962000000.0,4147000000.0,-57000000.0,5436000000.0,,-1157000000.0,50000000.0,,0.0,-564000000.0,206000000.0,45000000.0,-208000000.0,22000000.0,-303000000.0,13000000.0,,1039000000.0,-22000000.0,-530000000.0,-625000000.0,-842000000.0,870000000.0,-1207000000.0,,,,,,,,,,9.21%,61.35%,58.08,2.31,63.26,66.97,51.28,,2.18M,3.08M,0.99,50.62,0.68,6.17,"Feb 28, 2022",5.59B,"Feb 14, 2022","Dec 30, 2020",656.92M,1.6,2.66%,7.82B,"Mar 18, 2018",2:1,3.33B,"Sep 29, 2021",4.24B,5.54B,24.57%,20.55%,18.77%,-63.80%,-7.60%,2.16%,12.84%,22.58B,33.01,,661.53M,14.38M,,,,,,,,,,13.93M,,2.20%,,,,,,2.17%,,,,,,4.36,,,,,,8.04B,12.15,10.93B,32.58,1.27,1.96%
AIZ,5062200000.0,1731300000.0,2027900000.0,700000.0,,,2579900000.0,9885200000.0,,2201900000.0,8751800000.0,,1702400000.0,2526100000.0,732100000.0,7199000000.0,18457200000.0,1494500000.0,-84100000.0,529000000.0,4219300000.0,,217500000.0,33624800000.0,11146800000.0,24184000000.0,27880400000.0,5744400000.0,-206900000.0,2363900000.0,728800000.0,239700000.0,273900000.0,191500000.0,37900000.0,-27500000.0,,882400000.0,882400000.0,153600000.0,239700000.0,34200000.0,,,2398100000.0,-48200000.0,2637800000.0,-46100000.0,-743900000.0,12000000.0,,0.0,-639900000.0,-151200000.0,41900000.0,-38500000.0,-8700000.0,-1190300000.0,,-369800000.0,882400000.0,,-29500000.0,-328300000.0,-736600000.0,-2000000.0,3400000.0,,,,,,,,,,0.87%,96.64%,162.46,2.08,172.75,190.19,144.18,,345.36k,485.25k,0.63,99.81,0.46,22.64,"Mar 20, 2022",1.18B,"Feb 24, 2022","Dec 30, 2020",56.44M,2.72,1.78%,1.02B,,,3.81B,"Sep 29, 2021",519M,967.4M,9.61%,30.45%,13.19%,,11.00%,1.64%,9.04%,10.52B,176.42,,56.98M,,,,784.77k,,,716.34k,,,,,,,,,1.57%,,,,,,1.38%,,,,,,1.6,,,2.25B,39.41,2.2B,38.33,2.64,1.42%
AJG,9161700000.0,5962300000.0,2735100000.0,207300000.0,1171400000.0,,6627500000.0,2339000000.0,,5076600000.0,20000000.0,49900000.0,8923000000.0,-546300000.0,2006200000.0,3353500000.0,528000000.0,1427900000.0,-623200000.0,784800000.0,2873800000.0,200300000.0,,26915800000.0,15138300000.0,11659800000.0,18445700000.0,8420200000.0,-623200000.0,1353300000.0,,345400000.0,727200000.0,231400000.0,-7200000.0,-60300000.0,49900000.0,225100000.0,225100000.0,238600000.0,345400000.0,,,250500000.0,1735100000.0,-114000000.0,2080500000.0,-44000000.0,-362700000.0,549000000.0,,-84000000.0,63700000.0,-356300000.0,131300000.0,-89800000.0,-33200000.0,-500000.0,22600000.0,-573800000.0,225100000.0,-21800000.0,,,-662800000.0,452900000.0,-119600000.0,,,,,,,,,,0.88%,84.94%,156.47,1.98,163.56,184.92,134.84,,941.07k,1.02M,0.69,40.62,1.30,4.62,"Mar 17, 2022",1.89B,"Dec 01, 2021","Dec 30, 2020",205.11M,1.92,1.15%,2.51B,"Jan 18, 2001",2:1,829.59M,"Sep 29, 2021",939.6M,1.51B,17.95%,41.09%,12.17%,27.50%,16.50%,3.56%,13.82%,7.72B,38.81,,207.28M,1.57M,,,,,,,,,,1.76M,,0.96%,,,,,,0.76%,,,,,,1.61,,,,,,2.74B,13.19,5.79B,68.39,1.89,1.05%
AKAM,98305000.0,3789623000.0,1264590000.0,1647000.0,136305000.0,27551000.0,1680496000.0,203596000.0,,1958558000.0,835074000.0,,660092000.0,2698353000.0,270095000.0,42299000.0,92540000.0,120738000.0,-53726000.0,2364334000.0,1096158000.0,,652695000.0,8115475000.0,2761880000.0,731440000.0,3533030000.0,4582445000.0,-304983000.0,316866000.0,,207146000.0,543467000.0,192564000.0,13648000.0,-18144000.0,,178916000.0,178916000.0,178916000.0,207146000.0,,82899000.0,241463000.0,653187000.0,-14582000.0,860333000.0,-70678000.0,684483000.0,-10821000.0,,56965000.0,9819000.0,-1456000.0,98041000.0,,-5080000.0,510683000.0,15820000.0,,178916000.0,-201000.0,-1453000.0,-108776000.0,-93157000.0,389737000.0,392983000.0,,,,,,,,,,1.56%,93.66%,,,,,,,1.1M,1.62M,,28.21,3.78,3.64,,1.13B,,"Dec 30, 2020",159.89M,,,2.07B,,,606.1M,"Sep 29, 2021",604.48M,1.31B,22.33%,0.00%,17.77%,12.80%,8.50%,6.08%,13.91%,3.4B,20.88,,162.48M,,,,12.82M,,,11.83M,,,,,,,,,9.01%,,,,,,7.89%,,,,,,10.95,,,1.92B,11.8,2.85B,62.09,,
ALB,647986000.0,2920007000.0,439272000.0,1170000.0,18797000.0,,1597627000.0,308947000.0,812920000.0,1930308000.0,897708000.0,180341000.0,700058000.0,3718692000.0,97498000.0,5798000.0,538341000.0,1162860000.0,-392450000.0,6064357000.0,3096539000.0,388500000.0,,10974118000.0,2007981000.0,1874335000.0,5168511000.0,5625266000.0,-392450000.0,647110000.0,,169178000.0,247094000.0,25493000.0,15024000.0,-34261000.0,180341000.0,-3824000.0,-3824000.0,10469000.0,169178000.0,,12125000.0,65791000.0,725026000.0,-143685000.0,894204000.0,-300928000.0,-155777000.0,-49295000.0,-127401000.0,143939000.0,133943000.0,-311926000.0,68235000.0,-45617000.0,-10334000.0,-6835000.0,2172000.0,388283000.0,-3824000.0,-35804000.0,,-385000.0,308649000.0,-146329000.0,-307763000.0,,,,,,,,,,0.34%,83.11%,223.68,1.39,205.84,291.48,146.52,,856.45k,1.14M,1.54,48.68,1.07,1.87,"Mar 31, 2022",848.8M,"Mar 16, 2022","Dec 30, 2021",116.6M,1.58,0.85%,1.01B,"Mar 01, 2007",2:1,21.15M,"Dec 30, 2021",123.67M,344.26M,17.87%,147.17%,3.72%,,1.70%,3.47%,3.89%,3.33B,28.73,,116.98M,,,1.67M,,,,,,,2.07M,,,,,1.60%,,,,,,1.43%,,,,,,1.68,,,,439.27M,3.75,2.55B,43.97,1.55,0.76%
ALLE,212400000.0,2800000.0,503900000.0,900000.0,,,808700000.0,459800000.0,345700000.0,1192500000.0,12400000.0,3400000.0,307400000.0,-404300000.0,265000000.0,45400000.0,,198800000.0,-201000000.0,368400000.0,1061500000.0,238400000.0,,3116700000.0,1202400000.0,793900000.0,2249100000.0,864200000.0,-201000000.0,416500000.0,,140500000.0,300500000.0,140800000.0,-2800000.0,-12300000.0,3400000.0,143500000.0,143500000.0,143600000.0,140500000.0,,,160000000.0,576500000.0,300000.0,717000000.0,-10800000.0,43700000.0,,,0.0,100000.0,-74800000.0,20100000.0,-32300000.0,-4800000.0,7600000.0,,,143500000.0,1000000.0,13500000.0,-12900000.0,-44200000.0,88900000.0,3800000.0,,,,,,,,,,0.85%,91.18%,,0.94,,,,,694.75k,780.72k,,9.64,1.51,5.09,"Jun 29, 2022",676.8M,"Dec 16, 2021","Dec 30, 2020",89.34M,1.44,1.11%,1.18B,,,474.54M,"Sep 29, 2021",463.5M,557.3M,21.06%,27.50%,16.06%,-2.30%,-1.60%,12.36%,54.76%,2.89B,31.86,,89.7M,1.26M,,,,,,,,,,1.02M,,1.58%,,,,,,1.40%,,,,,,2.2,,,,,,503.9M,5.62,1.52B,175.50,1.40,1.32%
AMAT,1472000000.0,8247000000.0,4995000000.0,9000000.0,1623000000.0,,3479000000.0,104000000.0,4309000000.0,5452000000.0,2055000000.0,,5154000000.0,8664000000.0,1852000000.0,593000000.0,3812000000.0,1554000000.0,-260000000.0,2228000000.0,32246000000.0,,464000000.0,25825000000.0,16107000000.0,6344000000.0,13578000000.0,12247000000.0,-28255000000.0,3178000000.0,,2018000000.0,2945000000.0,2006000000.0,294000000.0,-67000000.0,,1712000000.0,1712000000.0,1712000000.0,2018000000.0,,622000000.0,305000000.0,4105000000.0,-12000000.0,6123000000.0,-206000000.0,-1073000000.0,-1131000000.0,-192000000.0,699000000.0,69000000.0,-582000000.0,105000000.0,-216000000.0,,-381000000.0,89000000.0,,1712000000.0,,,-1507000000.0,-1634000000.0,1148000000.0,-587000000.0,,,,,,,,,,0.24%,81.06%,138.49,1.20,130.28,167.06,113.25,,9.47M,8.74M,1.38,13.73,2.54,6.40,"Jun 15, 2022",7.65B,"Feb 21, 2022","Oct 30, 2021",885.37M,0.96,0.61%,10.93B,"Apr 16, 2002",2:1,3.32B,"Oct 30, 2021",5.89B,5.44B,31.47%,14.38%,25.53%,51.40%,30.60%,18.83%,51.59%,23.06B,25.34,,888.51M,10.35M,,,,,,,,,,12.23M,,1.17%,,,,,,1.16%,,,,,,1.23,,,,,,5.46B,6.14,5.75B,46.97,0.94,0.82%
AME,446409000.0,986317000.0,358676000.0,2686000.0,,,5180999000.0,3344855000.0,738688000.0,2238920000.0,10456000.0,,851372000.0,-1967458000.0,315007000.0,113079000.0,382754000.0,1121858000.0,-524265000.0,766563000.0,7664682000.0,415667000.0,,11679695000.0,2061815000.0,1633826000.0,5121299000.0,6558396000.0,-2095289000.0,949402000.0,,329756000.0,491279000.0,319668000.0,62208000.0,-20476000.0,,257460000.0,257460000.0,257460000.0,329756000.0,,,161523000.0,1110925000.0,-10088000.0,1440681000.0,-26224000.0,-31968000.0,,,0.0,-22573000.0,-2450000.0,74680000.0,-46178000.0,-5648000.0,,11189000.0,-283823000.0,257460000.0,-1398000.0,1000.0,-185000.0,-320395000.0,307117000.0,-13042000.0,,,,,,,,,,0.42%,89.26%,,0.62,,,,,1.07M,1.07M,,28.35,1.26,3.99,"Mar 30, 2022",1.5B,"Dec 06, 2021","Dec 30, 2020",230.25M,0.8,0.55%,1.59B,"Jul 01, 2012",3:2,886.63M,"Sep 29, 2021",929.4M,1.26B,23.33%,19.55%,17.73%,25.80%,27.80%,6.91%,15.16%,5.24B,22.73,,231.32M,1.85M,,,,,,,,,,1.62M,,0.90%,,,,,,0.80%,,,,,,2,,,,,,358.68M,1.55,2.83B,43.14,0.78,0.61%
AMP,2527000000.0,9220000000.0,7127000000.0,3000000.0,1088000000.0,3097000000.0,1458000000.0,1110000000.0,,2792000000.0,32710000000.0,,16205000000.0,3117000000.0,107943000000.0,7255000000.0,6612000000.0,157309000000.0,3000000.0,919000000.0,17525000000.0,468000000.0,,175979000000.0,31839000000.0,9891000000.0,170294000000.0,5685000000.0,-21063000000.0,1747000000.0,,1073000000.0,2015000000.0,866000000.0,165000000.0,-189000000.0,,701000000.0,701000000.0,701000000.0,1073000000.0,,,942000000.0,2689000000.0,-207000000.0,3762000000.0,-34000000.0,15000000.0,-160000000.0,,270000000.0,-109000000.0,761000000.0,3000000.0,-127000000.0,7000000.0,-2112000000.0,1000000.0,-7000000.0,701000000.0,2160000000.0,-245000000.0,-563000000.0,1464000000.0,1551000000.0,-3007000000.0,,,,,,,,,,0.31%,84.86%,286.78,2.30,296.32,332.37,236.35,,545.18k,687.26k,1.52,50.78,3.22,18.40,"Feb 27, 2022",4.28B,"Feb 09, 2022","Dec 30, 2021",110.26M,4.52,1.56%,7.59B,,,-6.34B,"Dec 30, 2021",2.76B,3.32B,31.13%,19.26%,20.53%,296.00%,18.00%,1.53%,47.78%,13.44B,114.60,,111.89M,,,688.61k,,,,,,,918.34k,,,,,0.71%,,,,,,0.62%,,,,,,0.88,,,,8.38B,75.66,3.84B,67.56,4.34,1.51%
AMZN,71474000000.0,51879000000.0,29944000000.0,5000000.0,,,15345000000.0,,30933000000.0,55855000000.0,7200000000.0,,28392000000.0,105219000000.0,22027000000.0,218000000.0,10974000000.0,18145000000.0,-1075000000.0,199303000000.0,71592000000.0,1185000000.0,49044000000.0,382406000000.0,138531000000.0,123994000000.0,261842000000.0,120564000000.0,-2912000000.0,62930000000.0,,4852000000.0,47882000000.0,4311000000.0,1155000000.0,-493000000.0,,3156000000.0,3156000000.0,3156000000.0,4852000000.0,-11000000.0,12097000000.0,30944000000.0,105960000000.0,-541000000.0,110812000000.0,-15748000000.0,-10490000000.0,-4890000000.0,-7059000000.0,4170000000.0,4453000000.0,-1465000000.0,8948000000.0,,-199000000.0,577000000.0,,-2776000000.0,3156000000.0,,,,-2776000000.0,7313000000.0,-14828000000.0,,,,,,,,,,13.36%,59.18%,3314.9,,3097.86,3773.08,2671.45,,2.83M,3.88M,1.13,237.80,1.12,51.10,,60.4B,,"Dec 30, 2020",456.3M,,,152.76B,"Sep 01, 1999",2:1,9.27B,"Sep 29, 2021",26.26B,54.67B,6.18%,0.00%,5.74%,-50.20%,15.30%,5.32%,25.83%,457.97B,909.11,,507.15M,3.6M,,,,,,,,,,4.23M,,0.82%,,,,,,0.71%,,,,,,1.06,,,,,,78.99B,155.75,136.24B,113.00,,
ANET,135252000.0,1473595000.0,630982000.0,8000.0,428764000.0,,188397000.0,100713000.0,599987000.0,,18247000.0,,395590000.0,3576150000.0,461288000.0,124261000.0,593238000.0,617075000.0,-2004000.0,144747000.0,2393661000.0,,2755499000.0,5437350000.0,4523958000.0,893387000.0,1572090000.0,3865260000.0,-2004000.0,270082000.0,,233294000.0,478615000.0,234640000.0,10335000.0,,,224305000.0,224305000.0,224305000.0,233294000.0,,153093000.0,92228000.0,515403000.0,1346000.0,748697000.0,-45888000.0,-262706000.0,-31376000.0,-32466000.0,42396000.0,66960000.0,-15448000.0,12629000.0,,-848000.0,-379273000.0,29270000.0,,224305000.0,,-120000.0,-138426000.0,-109156000.0,272579000.0,-425281000.0,,,,,,,,,,26.64%,65.44%,,,,,,,1.62M,2.08M,,12.57,5.06,2.46,,904.77M,,"Dec 30, 2020",229.88M,,,1.48B,"Nov 17, 2021",4:1,596.09M,"Sep 29, 2021",784.52M,977.54M,30.82%,0.00%,28.30%,33.20%,23.70%,10.86%,22.58%,2.77B,9.07,,307.3M,3.92M,,,,,,,,,,3.83M,,2.04%,,,,,,1.28%,,,,,,1.89,,,,,,3.39B,11.02,61.63M,1.59,,
ANSS,12590000.0,1428419000.0,1080838000.0,953000.0,23186000.0,,3101623000.0,667268000.0,,753451000.0,,,624849000.0,570353000.0,238445000.0,,326056000.0,178784000.0,-49126000.0,210731000.0,4056049000.0,,527000.0,5974752000.0,1756685000.0,600431000.0,1635508000.0,4339244000.0,-1146177000.0,47557000.0,,109344000.0,393611000.0,103898000.0,18556000.0,-2943000.0,,85342000.0,85342000.0,85342000.0,109344000.0,,102023000.0,163652000.0,331824000.0,-5446000.0,441168000.0,-7298000.0,123134000.0,-6072000.0,,10081000.0,37486000.0,5704000.0,26354000.0,,-2617000.0,,12677000.0,,85342000.0,,-85000.0,-37439000.0,-24762000.0,157845000.0,-7332000.0,,,,,,,,,,0.34%,94.98%,,,,,,,438.96k,571.75k,,49.76,2.93,5.32,,644.72M,,"Dec 30, 2020",87.02M,,,1.5B,"Jun 04, 2007",2:1,563.67M,"Sep 29, 2021",467.09M,621.6M,28.87%,0.00%,24.92%,12.80%,20.20%,6.25%,11.78%,1.87B,21.59,,87.25M,798.14k,,,,,,,,,,787.57k,,1.03%,,,,,,0.91%,,,,,,2.05,,,,,,1.08B,12.39,880.01M,20.28,,
APTV,2953000000.0,3939000000.0,3139000000.0,3000000.0,159000000.0,69000000.0,2511000000.0,964000000.0,2014000000.0,4049000000.0,1893000000.0,214000000.0,3142000000.0,4872000000.0,526000000.0,78000000.0,339000000.0,876000000.0,-672000000.0,3677000000.0,5077000000.0,5000000.0,,18007000000.0,8436000000.0,4207000000.0,9446000000.0,8347000000.0,-672000000.0,3541000000.0,,278000000.0,593000000.0,39000000.0,0.0,-36000000.0,214000000.0,31000000.0,15000000.0,39000000.0,278000000.0,,,278000000.0,3856000000.0,-239000000.0,4134000000.0,-181000000.0,346000000.0,-62000000.0,109000000.0,302000000.0,126000000.0,-26000000.0,188000000.0,-16000000.0,-1000000.0,8000000.0,,-23000000.0,31000000.0,-24000000.0,-6000000.0,,-63000000.0,669000000.0,-259000000.0,,,,,,,,,,0.55%,98.06%,150.06,,121.04,180.81,94.75,,1.84M,2.4M,2.09,30.66,2.01,2.94,"Feb 18, 2020",1.98B,"Feb 03, 2020","Dec 30, 2021",268.66M,,,2.44B,"Dec 04, 2017",1193:1000,514.88M,"Dec 30, 2021",527M,1.22B,7.74%,0.00%,3.78%,-89.60%,-1.90%,4.25%,7.31%,15.62B,57.75,,270.51M,,,4.76M,,,,,,,3.65M,,,,,1.97%,,,,,,1.76%,,,,,,2.07,,,,3.14B,11.6,4.46B,52.13,0.00,0.00%
ARE,513416000.0,16195256000.0,361348000.0,1580000.0,,422192000.0,,609872000.0,,8788274000.0,1915047000.0,2843708000.0,930458000.0,15579670000.0,1989122000.0,254762000.0,183847000.0,1262249000.0,-7294000.0,24158764000.0,,3592000.0,,30219373000.0,1546568000.0,749354000.0,11186123000.0,16189542000.0,-7294000.0,175717000.0,,123316000.0,404224000.0,99796000.0,0.0,-147746000.0,2843708000.0,74895000.0,72797000.0,99796000.0,123316000.0,,,41654000.0,456625000.0,-23520000.0,579941000.0,,47173000.0,371000.0,,-1389000.0,3121000.0,-53866000.0,223517000.0,-173560000.0,-2054000.0,438607000.0,770552000.0,-470866000.0,74895000.0,1358315000.0,-14282000.0,-10843000.0,1473598000.0,249560000.0,-1673931000.0,,,,,,,,,,0.90%,93.36%,200.51,2.62,193.03,224.95,171.5,,791.52k,993.88k,0.83,96.05,2.06,6.51,"Apr 14, 2022",1.3B,"Mar 29, 2022","Dec 30, 2021",158.23M,4.6,2.39%,1.5B,"Apr 23, 2006",1:1,1.03B,"Dec 30, 2021",563.4M,1.01B,24.94%,117.28%,26.86%,-83.00%,26.20%,1.25%,4.03%,2.13B,14.47,,154.96M,,,7.13M,,,,,,,6.28M,,,,,5.16%,,,,,,4.46%,,,,,,6.53,,,,361.35M,2.26,9.23B,48.48,4.42,2.24%
ATVI,248000000.0,11640000000.0,9718000000.0,,1400000000.0,,9765000000.0,798000000.0,,3607000000.0,,,585000000.0,6387000000.0,2032000000.0,626000000.0,926000000.0,1404000000.0,-587000000.0,171000000.0,11460000000.0,,282000000.0,23977000000.0,11211000000.0,2016000000.0,7027000000.0,16950000000.0,-6150000000.0,527000000.0,,827000000.0,1543000000.0,759000000.0,120000000.0,-27000000.0,,639000000.0,639000000.0,639000000.0,827000000.0,,329000000.0,387000000.0,1243000000.0,-68000000.0,2070000000.0,-23000000.0,513000000.0,93000000.0,,-173000000.0,72000000.0,-206000000.0,27000000.0,,-19000000.0,97000000.0,11000000.0,,639000000.0,,-1000000.0,-73000000.0,-62000000.0,521000000.0,73000000.0,,,,,,,,,,0.73%,88.06%,,0.57,,,,,4.55M,11.02M,,21.76,5.56,3.37,"May 05, 2022",3.41B,"Apr 13, 2021","Dec 30, 2020",773.12M,0.47,0.70%,5.83B,"Sep 07, 2008",2:1,2.75B,"Sep 29, 2021",2.64B,2.89B,36.17%,13.95%,29.21%,5.80%,5.90%,8.98%,16.88%,9.05B,11.67,,778.89M,8.86M,,,,,,,,,,9.58M,,1.15%,,,,,,1.14%,,,,,,0.64,,,,,,10B,12.84,3.61B,21.28,0.47,0.59%
AZO,6171344000.0,1499557000.0,961125000.0,231000.0,40164000.0,,302645000.0,,4768258000.0,4771266000.0,61166000.0,,379276000.0,-2427395000.0,172498000.0,184967000.0,186752000.0,1101864000.0,-324327000.0,7575494000.0,135406000.0,500000000.0,55520000.0,14460949000.0,6349146000.0,8087893000.0,16585699000.0,-2124750000.0,-3759944000.0,1743744000.0,,754485000.0,1925160000.0,711201000.0,155966000.0,-43284000.0,,555235000.0,555235000.0,555235000.0,754485000.0,,,1170675000.0,2914419000.0,-43284000.0,3668904000.0,-102269000.0,-210210000.0,-1576000.0,-136988000.0,89268000.0,32391000.0,29960000.0,99590000.0,,-1233000.0,-3317000.0,21100000.0,-13687000.0,555235000.0,-3362000.0,,-899997000.0,-895946000.0,777930000.0,-90961000.0,,,,,,,,,,0.37%,93.18%,,,,,,,172.6k,193.69k,,-102.77,0.79,102.57,,3.54B,,"Aug 27, 2021",61.68M,,,7.72B,"Apr 20, 1994",2:1,2.69B,"Nov 19, 2021",2.28B,3.61B,20.65%,0.00%,15.08%,25.50%,16.30%,13.46%,,15.14B,698.59,,20.63M,,,,443.89k,,,435.71k,,,,,,,,,2.16%,,,,,,2.15%,,,,,,3.14,,,1.02B,16.42,8.16B,,,
BA,9261000000.0,9052000000.0,8052000000.0,5061000000.0,77000000.0,,8068000000.0,2562000000.0,78823000000.0,55426000000.0,975000000.0,153000000.0,11261000000.0,-25629000000.0,4231000000.0,2221000000.0,59839000000.0,13329000000.0,-11659000000.0,12355000000.0,34408000000.0,996000000.0,8192000000.0,138552000000.0,108666000000.0,81992000000.0,153398000000.0,-14999000000.0,-63520000000.0,16636000000.0,,-3377000000.0,-1843000000.0,-4700000000.0,-536000000.0,-661000000.0,153000000.0,-4143000000.0,-4143000000.0,-4164000000.0,-3377000000.0,,678000000.0,856000000.0,18170000000.0,-1323000000.0,14793000000.0,-222000000.0,-1716000000.0,991000000.0,-1635000000.0,1506000000.0,4354000000.0,-613000000.0,534000000.0,,-5000000.0,2014000000.0,6000000.0,-4349000000.0,-4143000000.0,,-1000000.0,-19000000.0,-4362000000.0,716000000.0,1935000000.0,,,,,,,,,,0.10%,54.22%,210.26,,192.85,258.4,167.58,,6.89M,9.66M,1.47,-24.58,1.33,-14.51,"Mar 05, 2020",1.64B,"Feb 12, 2020","Dec 30, 2021",532.54M,,,5.37B,"Jun 08, 1997",2:1,-622.88M,"Dec 30, 2021",-4.2B,-3.42B,-0.81%,0.00%,-6.75%,,-3.30%,-0.22%,,62.29B,105.93,,587.7M,,,,9.13M,,,10.67M,,,,,,,,,1.55%,,,,,,1.55%,,,,,,0.97,,,16.24B,27.86,59.64B,,0.00,0.00%
BAC,2064446000000.0,,342321000000.0,62398000000.0,9153000000.0,,69022000000.0,,130000000.0,268212000000.0,996713000000.0,,70063000000.0,176336000000.0,1117097000000.0,127169000000.0,100690000000.0,6698000000.0,-5104000000.0,10833000000.0,188064000000.0,11905000000.0,257157000000.0,3169495000000.0,975830000000.0,2615578000000.0,2899429000000.0,245358000000.0,-5104000000.0,0.0,,0.0,22549000000.0,7818000000.0,805000000.0,,,7013000000.0,6773000000.0,7013000000.0,7818000000.0,1506000000.0,,13225000000.0,14731000000.0,0.0,22549000000.0,,68367000000.0,,,0.0,-3871000000.0,41014000000.0,495000000.0,-1965000000.0,-417000000.0,-17747000000.0,,-8447000000.0,7013000000.0,99718000000.0,10185000000.0,-7533000000.0,83040000000.0,44651000000.0,-58907000000.0,,,,,,,,,,0.12%,72.41%,,1.90,,,,,51.86M,55.3M,,30.22,,3.34,"Mar 24, 2022",,"Mar 02, 2022","Dec 30, 2021",8.04B,0.84,1.93%,93.71B,"Aug 29, 2004",2:1,,"Dec 30, 2021",30.56B,-7.19B,36.26%,21.85%,34.13%,28.20%,12.50%,1.07%,11.78%,93.71B,11.03,,8.18B,,,,,59.65M,,,73.3M,,,,,,,,,0.85%,,,,,,0.74%,,,,,,1,,778.47B,96.47,556.12B,,0.75,1.91%
BBY,8405000000.0,,3465000000.0,24000000.0,,,986000000.0,241000000.0,8553000000.0,1197000000.0,58000000.0,,1016000000.0,3051000000.0,353000000.0,486000000.0,1371000000.0,553000000.0,337000000.0,4944000000.0,3917000000.0,,,20102000000.0,13520000000.0,11946000000.0,15824000000.0,4278000000.0,337000000.0,9108000000.0,,674000000.0,2802000000.0,665000000.0,166000000.0,-7000000.0,,499000000.0,499000000.0,499000000.0,674000000.0,,,2108000000.0,11236000000.0,-9000000.0,11910000000.0,-225000000.0,-836000000.0,-132000000.0,-2130000000.0,1445000000.0,18000000.0,293000000.0,214000000.0,-172000000.0,1000000.0,-124000000.0,6000000.0,-113000000.0,499000000.0,-1000000.0,,-405000000.0,-685000000.0,197000000.0,-349000000.0,,,,,,,,,,10.46%,81.04%,,2.35,,,,,2.6M,3.13M,,17.55,1.13,10.34,"Apr 13, 2022",4.21B,"Dec 12, 2021","Jan 29, 2021",215.29M,2.8,2.66%,10.6B,"Aug 03, 2005",3:2,717.25M,"Oct 29, 2021",2.64B,2.08B,6.42%,25.65%,5.05%,27.60%,0.50%,10.16%,63.22%,52.33B,207.22,,240.56M,9.91M,,,,,,,,,,8.75M,,4.69%,,,,,,4.12%,,,,,,2.38,,,,,,3.46B,14.4,3.98B,93.15,2.80,3.00%
BDX,1793000000.0,19272000000.0,2283000000.0,365000000.0,1343000000.0,,23901000000.0,12783000000.0,2866000000.0,17110000000.0,,,2497000000.0,-13009000000.0,1505000000.0,108000000.0,176000000.0,6109000000.0,-2065000000.0,6839000000.0,13826000000.0,500000000.0,12000000.0,53866000000.0,8838000000.0,6626000000.0,30189000000.0,23675000000.0,-9788000000.0,2699000000.0,,709000000.0,2436000000.0,266000000.0,1000000.0,-111000000.0,,265000000.0,243000000.0,265000000.0,709000000.0,,387000000.0,1340000000.0,4426000000.0,-443000000.0,5135000000.0,-465000000.0,-890000000.0,-95000000.0,-104000000.0,687000000.0,-50000000.0,-344000000.0,592000000.0,-259000000.0,-3000000.0,,,41000000.0,265000000.0,-174000000.0,-4000000.0,-750000000.0,-1142000000.0,951000000.0,-694000000.0,,,,,,,,,,0.77%,87.92%,248.4,1.30,262.42,277.29,229.4,,1.09M,1.39M,0.72,83.22,1.33,6.85,"Mar 30, 2022",5.64B,"Dec 08, 2021","Sep 29, 2021",283.29M,3.48,1.32%,9.58B,"Aug 20, 1998",2:1,3.65B,"Sep 29, 2021",2B,4.65B,16.64%,48.47%,10.33%,107.00%,7.30%,3.90%,8.82%,20.25B,69.99,,285.04M,,2.98M,,,,,,,,,,2.59M,,1.05%,,,,,,1.05%,,,,,,2.08,,,,,2.3B,8.08,18.08B,76.36,3.32,1.23%
BEN,519400000.0,,4178800000.0,50300000.0,,,4724500000.0,4784400000.0,,3393700000.0,1663200000.0,1626900000.0,1434700000.0,2044000000.0,323500000.0,6707100000.0,1684400000.0,4583400000.0,-389600000.0,1178900000.0,11892200000.0,,,24995100000.0,12320600000.0,3346900000.0,11815300000.0,11552900000.0,-389600000.0,1270000000.0,,599300000.0,954000000.0,695900000.0,151100000.0,-19300000.0,1626900000.0,453200000.0,433900000.0,544800000.0,599300000.0,,,296400000.0,1624700000.0,96600000.0,2224000000.0,-16700000.0,-102900000.0,-140600000.0,,2500000.0,-81900000.0,-340400000.0,80700000.0,-143100000.0,-8000000.0,-336900000.0,,499500000.0,453200000.0,132600000.0,3900000.0,-21700000.0,467300000.0,166400000.0,-728600000.0,,,,,,,,,,43.10%,45.29%,,3.39,,,,,3.1M,3.17M,,22.37,3.68,3.57,"Apr 13, 2022",2.52B,"Mar 29, 2022","Sep 29, 2021",285.6M,1.16,3.90%,3.54B,"Jul 25, 2013",3:1,-720.3M,"Dec 30, 2021",1.86B,1.12B,25.56%,29.89%,22.41%,31.20%,11.50%,5.98%,17.80%,8.65B,17.68,,501.8M,,,11.78M,,,,,,,12.12M,,,,,4.12%,,,,,,2.35%,,,,,,3.41,,,,4.18B,8.32,3.88B,29.48,1.12,4.35%
BIIB,427900000.0,,1541800000.0,100000.0,1810400000.0,,5760500000.0,2286800000.0,1347900000.0,6272300000.0,2972800000.0,451800000.0,2123000000.0,2382600000.0,1824500000.0,736300000.0,1264400000.0,2092900000.0,-136600000.0,3799800000.0,13543500000.0,998800000.0,1413300000.0,23806700000.0,7162300000.0,4211600000.0,12925000000.0,10429900000.0,-3113700000.0,511800000.0,,821800000.0,2267100000.0,292200000.0,-25900000.0,-66300000.0,451800000.0,329200000.0,329200000.0,318100000.0,821800000.0,21200000.0,702400000.0,654100000.0,1957100000.0,-529600000.0,2778900000.0,-42000000.0,-200200000.0,-53700000.0,-128800000.0,89000000.0,459400000.0,-23000000.0,133200000.0,,-25400000.0,-170300000.0,,,329200000.0,3500000.0,-1400000.0,-750000000.0,-746500000.0,805300000.0,-233600000.0,,,,,,,,,,0.68%,86.29%,,,,,,,951.98k,1.16M,,71.00,1.70,10.22,,3.02B,,"Dec 30, 2020",146.49M,,,11.64B,"Jan 17, 2001",3:1,1.3B,"Sep 29, 2021",1.55B,2.43B,23.02%,0.00%,13.92%,-53.10%,-17.70%,6.55%,19.47%,11.1B,73.62,,146.89M,,,,2.89M,,,2.33M,,,,,,,,,2.22%,,,,,,1.97%,,,,,,1.38,,,2.96B,20.12,7.62B,70.02,,
BIO,136398000.0,421203000.0,859902000.0,3000.0,,,291916000.0,177073000.0,588911000.0,,16230635000.0,,419614000.0,14863389000.0,106631000.0,16073000.0,231771000.0,3783623000.0,-63041000.0,680839000.0,15080854000.0,1239000.0,477196000.0,19953380000.0,2466286000.0,649916000.0,4621002000.0,15332378000.0,-169682000.0,309514000.0,,155804000.0,437535000.0,5022226000.0,1094193000.0,-426000.0,,3928033000.0,3928033000.0,3928033000.0,155804000.0,,64281000.0,217450000.0,591245000.0,4866422000.0,747049000.0,-34628000.0,127359000.0,-23700000.0,13900000.0,1126000000.0,-4861370000.0,12600000.0,43400000.0,,-6072000.0,-46761000.0,6353000.0,-122000.0,3928033000.0,,,-21813000.0,-15582000.0,230363000.0,-81350000.0,,,,,,,,,,14.22%,79.82%,694.79,,585.55,832.7,524.19,,298.44k,250.03k,0.87,512.48,3.80,220.48,,758.89M,,"Dec 30, 2020",21.45M,,,1.44B,"Mar 07, 2002",2:1,622.38M,"Sep 29, 2021",6.66B,783.33M,20.89%,0.00%,223.47%,198.70%,15.40%,2.43%,55.13%,2.98B,99.96,,24.84M,325.1k,,,,,,,,,,398.37k,,1.53%,,,,,,1.09%,,,,,,2.93,,,,,,1.34B,44.69,225.26M,1.47,,
BMY,2949000000.0,44361000000.0,13979000000.0,292000000.0,1439000000.0,248000000.0,20502000000.0,42527000000.0,2095000000.0,39605000000.0,2713000000.0,60000000.0,12516000000.0,-27083000000.0,3342000000.0,1430000000.0,3867000000.0,10961000000.0,-1268000000.0,6968000000.0,23820000000.0,4764000000.0,3242000000.0,109314000000.0,33262000000.0,21868000000.0,73308000000.0,35946000000.0,-32527000000.0,2356000000.0,,2231000000.0,9629000000.0,1858000000.0,-514000000.0,-311000000.0,60000000.0,2372000000.0,2372000000.0,2372000000.0,2231000000.0,,2607000000.0,2374000000.0,9754000000.0,-373000000.0,11985000000.0,-320000000.0,437000000.0,-168000000.0,-128000000.0,226000000.0,-894000000.0,236000000.0,2635000000.0,-1099000000.0,-54000000.0,695000000.0,,-114000000.0,2372000000.0,-3000000.0,,-2751000000.0,-3967000000.0,4057000000.0,401000000.0,,,,,,,,,,0.07%,76.31%,,2.94,,,,,15.16M,15.24M,,16.76,1.52,-2.42,"May 01, 2022",20.58B,"Jan 05, 2022","Dec 30, 2021",2.17B,2.16,3.20%,37.05B,"Aug 06, 2001",1000000:951777,13.57B,"Dec 30, 2021",6.99B,16.21B,21.17%,64.42%,15.08%,,8.30%,5.39%,18.99%,46.39B,20.89,,2.22B,,,,,26.12M,,,20.34M,,,,,,,,,1.18%,,,,,,1.18%,,,,,,2.03,,17.22B,7.9,45.6B,126.63,1.96,2.56%
BRK-B,47002000000.0,35603000000.0,69989000000.0,8000000.0,,11732000000.0,73770000000.0,29805000000.0,20191000000.0,112700000000.0,345522000000.0,8595000000.0,41601000000.0,368905000000.0,70604000000.0,1192000000.0,82664000000.0,195052000000.0,-4834000000.0,188875000000.0,494775000000.0,,79209000000.0,920758000000.0,212182000000.0,131931000000.0,439683000000.0,472480000000.0,-57906000000.0,57420000000.0,,13163000000.0,13163000000.0,12484000000.0,1840000000.0,-1056000000.0,8595000000.0,10344000000.0,10344000000.0,10644000000.0,13163000000.0,,,,57420000000.0,-679000000.0,70583000000.0,-3581000000.0,27809000000.0,-1985000000.0,,1583000000.0,-5301000000.0,4631000000.0,2668000000.0,,14000000.0,26180000000.0,,262000000.0,10344000000.0,-416000000.0,964000000.0,-7632000000.0,-7786000000.0,12067000000.0,23514000000.0,,,,,,,,,,0.19%,66.74%,299.19,,332.76,362.1,266.8,,3.97M,5.34M,0.9,316350.56,1.61,56269.56,,122.14B,,"Dec 30, 2020",1.22M,,,69.72B,"Jan 20, 2010",50:1,70.07B,"Sep 29, 2021",85.98B,42.17B,41.39%,0.00%,32.00%,-65.70%,12.00%,7.94%,19.34%,268.68B,175827.33,,1.3B,8.57M,,,,,,,,,,9.1M,,0.74%,,,,,,0.38%,,,,,,1.75,,,,,,149.2B,100205.05,114.96B,23.90,,
BWA,2131000000.0,2617000000.0,1507000000.0,3000000.0,282000000.0,,3285000000.0,1134000000.0,1649000000.0,4288000000.0,447000000.0,374000000.0,2911000000.0,2227000000.0,565000000.0,322000000.0,906000000.0,1387000000.0,-746000000.0,4598000000.0,6582000000.0,10000000.0,,16491000000.0,6462000000.0,3637000000.0,9471000000.0,6646000000.0,-2556000000.0,2766000000.0,,321000000.0,650000000.0,196000000.0,79000000.0,-21000000.0,374000000.0,96000000.0,96000000.0,117000000.0,321000000.0,-4000000.0,,333000000.0,3095000000.0,-125000000.0,3416000000.0,-152000000.0,-58000000.0,113000000.0,-122000000.0,-272000000.0,142000000.0,-1000000.0,195000000.0,-41000000.0,-2000000.0,-8000000.0,,15000000.0,96000000.0,-33000000.0,15000000.0,,-59000000.0,142000000.0,-139000000.0,,,,,,,,,,0.43%,98.46%,,1.58,,,,,2.42M,2.21M,,27.72,1.78,3.21,"Mar 14, 2022",2.39B,"Nov 29, 2021","Dec 30, 2020",238.56M,0.68,1.42%,1.91B,"Dec 16, 2013",2:1,567.63M,"Sep 29, 2021",766M,1.14B,10.67%,20.30%,5.07%,-13.50%,34.80%,7.36%,14.58%,15.11B,63.73,,239.77M,9.55M,,,,,,,,,,10.05M,,4.48%,,,,,,3.98%,,,,,,5.26,,,,,,1.51B,6.28,4.55B,64.80,0.68,1.83%
C,1317230000000.0,108003000000.0,27515000000.0,31000000.0,,,21299000000.0,4495000000.0,27000000.0,254374000000.0,512822000000.0,700000000.0,54340000000.0,157587000000.0,777164000000.0,,161529000000.0,74920000000.0,-38765000000.0,,184948000000.0,,561806000000.0,2291413000000.0,975633000000.0,1759447000000.0,2088741000000.0,182977000000.0,-110005000000.0,0.0,,0.0,17313000000.0,3950000000.0,771000000.0,,700000000.0,3173000000.0,2924000000.0,3179000000.0,3950000000.0,3088000000.0,,10275000000.0,13363000000.0,0.0,17313000000.0,,,,,0.0,,,,,,,,,3173000000.0,,,,,,,,,,,,,,,,0.21%,77.55%,,2.54,,,,,26.8M,28.09M,,92.17,,10.56,"May 26, 2022",,"Feb 03, 2022","Dec 30, 2021",1.98B,2.04,3.05%,74.99B,"May 08, 2011",1:10,,"Dec 30, 2021",20.75B,,36.63%,20.12%,29.27%,-20.30%,4.70%,0.97%,10.93%,74.99B,36.89,,1.98B,,,,,36.32M,,,37.82M,,,,,,,,,1.83%,,,,,,1.83%,,,,,,1.32,,921.27B,464.25,473.63B,,2.04,4.05%
CAT,8154000000.0,,9254000000.0,6398000000.0,1840000000.0,,6324000000.0,1042000000.0,14038000000.0,9746000000.0,,32000000.0,8477000000.0,9118000000.0,7175000000.0,,3938000000.0,10397000000.0,-1553000000.0,12090000000.0,39282000000.0,54000000.0,,82793000000.0,43455000000.0,29847000000.0,66277000000.0,16484000000.0,-29196000000.0,8748000000.0,,1130000000.0,5050000000.0,2549000000.0,429000000.0,-176000000.0,32000000.0,2120000000.0,2120000000.0,2120000000.0,1130000000.0,1243000000.0,439000000.0,2238000000.0,12668000000.0,1419000000.0,13798000000.0,-785000000.0,-186000000.0,-933000000.0,-391000000.0,804000000.0,-781000000.0,7000000.0,586000000.0,,-20000000.0,-512000000.0,13000000.0,1046000000.0,2120000000.0,-599000000.0,87000000.0,-1046000000.0,-586000000.0,1412000000.0,-992000000.0,,,,,,,,,,0.20%,68.34%,,2.50,,,,,2.81M,3.88M,,30.81,1.46,9.35,"May 19, 2022",9.23B,"Jan 18, 2022","Dec 30, 2021",537.33M,4.44,2.18%,15B,"Jul 13, 2005",2:1,5.98B,"Dec 30, 2021",6.49B,7.2B,13.49%,36.18%,12.73%,171.80%,22.80%,5.34%,40.72%,50.97B,93.70,,540.94M,,,,,6.07M,,,4.76M,,,,,,,,,1.12%,,,,,,1.12%,,,,,,1.4,,9.25B,17.18,37.79B,228.80,4.28,1.98%
CCI,246000000.0,18011000000.0,292000000.0,4000000.0,26000000.0,,10078000000.0,4046000000.0,,20315000000.0,,,635000000.0,-5866000000.0,1711000000.0,327000000.0,776000000.0,2168000000.0,-9757000000.0,21951000000.0,,72000000.0,,39040000000.0,1254000000.0,2026000000.0,30782000000.0,8258000000.0,-9757000000.0,524000000.0,,535000000.0,1130000000.0,354000000.0,1000000.0,-164000000.0,,353000000.0,353000000.0,353000000.0,535000000.0,,,180000000.0,1119000000.0,-181000000.0,1654000000.0,-337000000.0,-76000000.0,-51000000.0,,-1000000.0,98000000.0,-30000000.0,361000000.0,-635000000.0,,,,246000000.0,353000000.0,1000000.0,,-1000000.0,-389000000.0,734000000.0,-421000000.0,,,,,,,,,,0.49%,93.17%,,3.29,,,,,1.53M,1.91M,,19.70,0.62,2.87,"Mar 30, 2022",3.61B,"Mar 13, 2022","Dec 30, 2021",429.63M,5.88,3.34%,4.35B,,,1.36B,"Dec 30, 2021",1.16B,2.73B,31.91%,204.49%,17.29%,-30.50%,10.80%,3.25%,13.07%,6.34B,14.68,,432.2M,,,3.91M,,,,,,,4.3M,,,,,1.04%,,,,,,0.91%,,,,,,2.09,,,,292M,0.68,27.01B,327.07,5.32,2.74%
CDAY,42400000.0,2805700000.0,378800000.0,1500000.0,,133100000.0,2318100000.0,332400000.0,,1113400000.0,,,116600000.0,-428700000.0,212700000.0,5384800000.0,5392000000.0,66600000.0,-285700000.0,174700000.0,-299700000.0,6800000.0,,9001500000.0,5963600000.0,5554800000.0,6779700000.0,2221800000.0,-285700000.0,150900000.0,,-14300000.0,106300000.0,-29400000.0,-8500000.0,-10000000.0,,-20900000.0,-20900000.0,-20900000.0,-14300000.0,,,108000000.0,271500000.0,-15100000.0,257200000.0,-1400000.0,2149600000.0,-1600000.0,,6900000.0,17400000.0,4200000.0,21000000.0,,-7200000.0,-86700000.0,36500000.0,43400000.0,-20900000.0,2152100000.0,,,2232000000.0,25800000.0,-101000000.0,,,,,,,,,,0.85%,104.60%,,,,,,,1.83M,1.84M,,14.70,1.07,-0.56,,17.9M,,"Dec 30, 2020",128.86M,,,386M,,,140.64M,"Sep 29, 2021",-83.2M,-28.6M,-2.66%,0.00%,-8.62%,,25.80%,-0.22%,-3.91%,964.9M,6.47,,151.33M,,,,8.83M,,,7.13M,,,,,,,,,7.85%,,,,,,5.83%,,,,,,8.52,,,378.8M,2.5,1.18B,52.94,,
CHTR,686000000.0,30015000000.0,466000000.0,,,,29554000000.0,72597000000.0,,85376000000.0,,4496000000.0,2645000000.0,-85121000000.0,1388000000.0,,4859000000.0,22134000000.0,,35458000000.0,-2151000000.0,2996000000.0,,142495000000.0,3498000000.0,12237000000.0,120969000000.0,17030000000.0,-10834000000.0,7055000000.0,,2903000000.0,6091000000.0,1754000000.0,347000000.0,-1016000000.0,4496000000.0,1217000000.0,1217000000.0,1407000000.0,2903000000.0,,,918000000.0,10243000000.0,-1149000000.0,13146000000.0,-1861000000.0,-1245000000.0,-62000000.0,,117000000.0,735000000.0,-14000000.0,2270000000.0,,,,17000000.0,418000000.0,1217000000.0,-487000000.0,76000000.0,-3666000000.0,-3718000000.0,4263000000.0,-1790000000.0,,,,,,,,,,31.86%,70.84%,,,,,,,1.16M,1.59M,,94.99,0.29,21.94,,20.03B,,"Dec 30, 2020",111.74M,,,21.2B,"May 17, 2016",0:1,6.34B,"Sep 29, 2021",4.29B,16.16B,20.66%,0.00%,8.40%,49.50%,9.20%,4.60%,17.69%,51.09B,270.34,,179.29M,7.96M,,,,,,,,,,8.17M,,8.65%,,,,,,4.44%,,,,,,6.06,,,,,,466M,2.6,89.86B,417.43,,
CMA,82284000000.0,2170000000.0,23589000000.0,1141000000.0,,,635000000.0,12000000.0,1000000.0,2837000000.0,16924000000.0,,,6762000000.0,47586000000.0,4310000000.0,38000000.0,196000000.0,-207000000.0,447000000.0,10366000000.0,,,94529000000.0,28925000000.0,83693000000.0,86726000000.0,7409000000.0,-6268000000.0,0.0,,0.0,797000000.0,332000000.0,70000000.0,,,262000000.0,255000000.0,262000000.0,336000000.0,11000000.0,,450000000.0,461000000.0,-4000000.0,797000000.0,-15000000.0,7088000000.0,,,0.0,5000000.0,-106000000.0,25000000.0,-97000000.0,,-1115000000.0,4000000.0,,262000000.0,5718000000.0,5000000.0,-220000000.0,5405000000.0,202000000.0,1481000000.0,,,,,,,,,,0.57%,82.16%,84.17,3.26,93.06,102.09,63.07,,1.34M,1.45M,1.51,56.55,,8.03,"Mar 31, 2022",,"Dec 13, 2021","Dec 30, 2020",130.56M,2.72,2.75%,2.38B,"Apr 01, 1998",3:2,,"Sep 29, 2021",1.11B,413M,45.54%,33.83%,34.21%,20.70%,13.00%,1.28%,14.52%,3.33B,24.33,,131.15M,,2.51M,,,,,,,,,,2.66M,,2.17%,,,,,,1.91%,,,,,,1.84,,,,,24.61B,187.68,2.88B,,2.72,3.09%
CMCSA,12020000000.0,40134000000.0,11806000000.0,54000000.0,,1000000000.0,69626000000.0,92758000000.0,,101691000000.0,9163000000.0,2044000000.0,11974000000.0,-66602000000.0,25278000000.0,3647000000.0,4773000000.0,50806000000.0,1328000000.0,52809000000.0,61783000000.0,695000000.0,,277061000000.0,27427000000.0,26738000000.0,179235000000.0,95782000000.0,-6189000000.0,10395000000.0,,5449000000.0,19903000000.0,5166000000.0,1235000000.0,-1050000000.0,2044000000.0,4035000000.0,4035000000.0,3931000000.0,5449000000.0,,,10976000000.0,24849000000.0,-283000000.0,30298000000.0,-2264000000.0,-560000000.0,-857000000.0,,368000000.0,522000000.0,-1445000000.0,3477000000.0,-1157000000.0,-3000000.0,-36000000.0,,-1124000000.0,4035000000.0,59000000.0,143000000.0,-1660000000.0,-3882000000.0,6100000000.0,-2775000000.0,,,,,,,,,,0.68%,85.54%,,1.82,,,,,16.92M,22.6M,,20.96,1.03,3.11,"Apr 26, 2022",33.39B,"Jan 03, 2022","Dec 30, 2020",4.53B,1,1.96%,70.44B,"Feb 20, 2017",2:1,10.25B,"Sep 29, 2021",14.48B,26.5B,17.51%,31.51%,12.73%,99.90%,18.70%,4.56%,15.31%,113.76B,24.78,,4.56B,,66.45M,,,,,,,,,,65.87M,,1.47%,,,,,,1.45%,,,,,,2.67,,,,,11.81B,2.58,102.39B,104.66,0.98,2.07%
CME,71000000.0,21203800000.0,1459400000.0,3600000.0,,,10529000000.0,20767900000.0,,2695700000.0,,,470400000.0,-4014800000.0,2922700000.0,149554300000.0,149541200000.0,5839500000.0,37300000.0,960300000.0,6037400000.0,,110300000.0,186774300000.0,151594400000.0,150417100000.0,159492200000.0,27282100000.0,37300000.0,0.0,,613700000.0,1107100000.0,1095900000.0,169600000.0,-41800000.0,,926500000.0,926500000.0,926300000.0,613700000.0,30700000.0,,366500000.0,493400000.0,482200000.0,1107100000.0,-31700000.0,348300000.0,50700000.0,,24600000.0,-439500000.0,-22300000.0,96200000.0,-322500000.0,,130000000.0,,,926500000.0,-1900000.0,,-17700000.0,-342100000.0,631600000.0,58800000.0,,,,,,,,,,0.44%,87.77%,,1.72,,,,,1.34M,1.83M,,76.08,1.01,6.78,"Mar 24, 2022",2.98B,"Dec 26, 2021","Dec 30, 2020",358.08M,3.6,1.59%,4.87B,"Jul 22, 2012",5:1,1.76B,"Sep 29, 2021",2.44B,2.39B,55.39%,52.36%,52.60%,125.00%,2.80%,1.03%,8.98%,4.63B,12.93,,359.4M,4.04M,,,,,,,,,,4.58M,,1.13%,,,,,,1.12%,,,,,,3.07,,,,,,1.57B,4.37,4.04B,14.81,3.55,1.50%
CNC,24860000000.0,19672000000.0,13118000000.0,1000000.0,,,19771000000.0,7824000000.0,,18078000000.0,14043000000.0,227000000.0,12215000000.0,-800000000.0,1283000000.0,1625000000.0,434000000.0,3398000000.0,77000000.0,6957000000.0,8139000000.0,267000000.0,1539000000.0,78375000000.0,28497000000.0,25765000000.0,51353000000.0,26795000000.0,-1017000000.0,25392000000.0,,735000000.0,5204000000.0,694000000.0,101000000.0,-162000000.0,227000000.0,599000000.0,599000000.0,593000000.0,735000000.0,1467000000.0,,2813000000.0,29861000000.0,-41000000.0,30596000000.0,-248000000.0,-420000000.0,-730000000.0,,208000000.0,-74000000.0,294000000.0,378000000.0,,-3000000.0,-758000000.0,,-3000000.0,599000000.0,16000000.0,19000000.0,-248000000.0,-235000000.0,675000000.0,-857000000.0,,,,,,,,,,1.16%,95.47%,,,,,,,2.25M,2.7M,,45.36,1.11,1.25,,5.16B,,"Dec 30, 2021",572.49M,,,19.57B,"Feb 06, 2019",2:1,3.88B,"Dec 30, 2021",1.35B,4.2B,3.12%,0.00%,1.14%,,15.20%,3.13%,5.04%,118.18B,202.76,,583.5M,,,7.15M,,,,,,,7.12M,,,,,1.38%,,,,,,1.23%,,,,,,2.29,,,,14.66B,25.15,22.66B,83.86,,
COO,161400000.0,1715200000.0,95900000.0,5400000.0,2546600000.0,,2574000000.0,1271500000.0,585600000.0,1396100000.0,17200000.0,200000.0,515300000.0,3096300000.0,2673600000.0,89600000.0,303400000.0,304300000.0,-341300000.0,1604600000.0,6202100000.0,,,9606200000.0,1465300000.0,732100000.0,2664200000.0,6941800000.0,-980900000.0,227800000.0,,160000000.0,531300000.0,121600000.0,11300000.0,-5000000.0,200000.0,110300000.0,110300000.0,110300000.0,160000000.0,,25700000.0,309500000.0,599100000.0,-38400000.0,759100000.0,-65000000.0,-16400000.0,-75500000.0,-9200000.0,-16000000.0,55100000.0,22400000.0,77400000.0,-1500000.0,-1100000.0,,29400000.0,-138400000.0,110300000.0,-13300000.0,,,-123800000.0,174500000.0,-66000000.0,,,,,,,,,,0.57%,101.17%,412.38,0.02,404.7,463.59,368.78,,281.57k,315.36k,0.86,140.81,2.00,59.16,"Feb 08, 2022",913.3M,"Jan 19, 2022","Oct 30, 2021",49.11M,0.06,0.01%,1.99B,"Nov 24, 2002",2:1,343.86M,"Oct 30, 2021",2.94B,738.6M,20.67%,0.10%,100.76%,35.80%,11.40%,4.62%,54.70%,2.92B,59.40,,49.41M,1.72M,,,,,,,,,,1.77M,,4.49%,,,,,,3.48%,,,,,,4.5,,,,,,95.9M,1.94,1.75B,25.16,0.06,0.01%
CRL,127913000.0,1720461000.0,212539000.0,506000.0,41117000.0,,2736322000.0,1099880000.0,181694000.0,2866859000.0,201195000.0,38055000.0,660452000.0,-1409636000.0,181367000.0,245798000.0,353997000.0,473377000.0,-132779000.0,1460633000.0,878818000.0,105000.0,1030000.0,7058437000.0,1379040000.0,983751000.0,4593816000.0,2426566000.0,-173219000.0,558077000.0,,164290000.0,337860000.0,123270000.0,18111000.0,-16455000.0,38055000.0,103426000.0,103426000.0,105159000.0,164290000.0,,,140718000.0,731647000.0,-41020000.0,895937000.0,-55536000.0,-985000.0,-30368000.0,1468000.0,21800000.0,3510000.0,6200000.0,68686000.0,,448000.0,-7941000.0,8016000.0,171107000.0,103426000.0,-85000.0,15000.0,-143000.0,178895000.0,174722000.0,-355050000.0,,,,,,,,,,1.46%,95.42%,367.35,,292.47,460.21,251.3,,459.69k,511.95k,1.17,48.09,1.40,7.72,,832.35M,,"Dec 25, 2020",49.72M,,,1.08B,,,374.03M,"Sep 24, 2021",396.6M,669.92M,16.73%,0.00%,11.58%,0.50%,20.50%,5.84%,18.37%,3.43B,68.37,,50.46M,,690.88k,,,,,,,,,,716.35k,,1.75%,,,,,,1.37%,,,,,,2.19,,,,,213.57M,4.23,3.17B,128.65,,
CTLT,363000000.0,4234000000.0,1969000000.0,2000000.0,70000000.0,,2531000000.0,793000000.0,653000000.0,4037000000.0,3000000.0,,1055000000.0,697000000.0,344000000.0,140000000.0,310000000.0,482000000.0,-329000000.0,2581000000.0,114000000.0,79000000.0,50000000.0,10183000000.0,3931000000.0,1096000000.0,5803000000.0,4021000000.0,-329000000.0,701000000.0,,140000000.0,324000000.0,103000000.0,10000000.0,-26000000.0,,93000000.0,84000000.0,93000000.0,140000000.0,4000000.0,,180000000.0,885000000.0,-37000000.0,1025000000.0,-154000000.0,1073000000.0,185000000.0,-63000000.0,-6000000.0,36000000.0,-165000000.0,81000000.0,-4000000.0,-5000000.0,16000000.0,8000000.0,1093000000.0,93000000.0,-11000000.0,,-4000000.0,1082000000.0,163000000.0,-167000000.0,,,,,,,,,,0.27%,99.29%,,,,,,,1.08M,1.18M,,23.51,3.59,3.18,,1.02B,,"Jun 29, 2021",170.45M,,,1.35B,,,-348.7M,"Sep 29, 2021",544M,446M,17.28%,0.00%,14.27%,13.40%,21.20%,4.97%,14.79%,4.18B,24.61,,171.19M,1.33M,,,,,,,,,,1.63M,,1.00%,,,,,,0.78%,,,,,,1.24,,,,,,2.02B,11.79,4.32B,98.58,,
CVS,12696000000.0,47116000000.0,9826000000.0,17000000.0,,,79121000000.0,29545000000.0,17399000000.0,55625000000.0,22370000000.0,310000000.0,25283000000.0,-34358000000.0,9780000000.0,5319000000.0,23704000000.0,20276000000.0,1048000000.0,33233000000.0,54264000000.0,1561000000.0,3015000000.0,234891000000.0,60842000000.0,64709000000.0,160273000000.0,74308000000.0,-27089000000.0,61092000000.0,,3266000000.0,12456000000.0,2145000000.0,558000000.0,-602000000.0,310000000.0,1598000000.0,1598000000.0,1587000000.0,3266000000.0,,,9190000000.0,70282000000.0,-1121000000.0,73548000000.0,-608000000.0,2707000000.0,-1120000000.0,-420000000.0,2271000000.0,622000000.0,1436000000.0,1134000000.0,-659000000.0,,-235000000.0,110000000.0,-1413000000.0,1598000000.0,-3000000.0,23000000.0,-2000000.0,-1967000000.0,5521000000.0,-847000000.0,,,,,,,,,,0.16%,78.75%,,2.85,,,,,5.99M,6.57M,,56.25,0.94,5.73,"May 01, 2022",17.82B,"Jan 19, 2022","Dec 30, 2020",1.32B,2.2,2.11%,48.25B,"Jun 06, 2005",2:1,14.7B,"Sep 29, 2021",7.59B,17.83B,4.68%,34.90%,2.67%,30.60%,10.00%,3.55%,10.56%,283.98B,215.71,,1.32B,14.49M,,,,,,,,,,14.73M,,1.10%,,,,,,1.10%,,,,,,2.32,,,,,,12.84B,9.72,78.66B,105.41,2.00,1.91%
DD,2538000000.0,49702000000.0,1670000000.0,5000000.0,175000000.0,298000000.0,19688000000.0,8644000000.0,2844000000.0,10627000000.0,1029000000.0,606000000.0,2852000000.0,-1699000000.0,813000000.0,1131000000.0,718000000.0,3595000000.0,-182000000.0,7344000000.0,-22892000000.0,1000000.0,,46015000000.0,8497000000.0,4221000000.0,18776000000.0,26633000000.0,-182000000.0,2778000000.0,-29000000.0,684000000.0,1493000000.0,558000000.0,125000000.0,-115000000.0,606000000.0,391000000.0,391000000.0,433000000.0,684000000.0,,152000000.0,461000000.0,3587000000.0,-126000000.0,4271000000.0,-2520000000.0,-2242000000.0,-53000000.0,-178000000.0,147000000.0,17000000.0,148000000.0,370000000.0,-157000000.0,-21000000.0,,2000000.0,,391000000.0,-9000000.0,9000000.0,-501000000.0,-665000000.0,842000000.0,-2398000000.0,,,,,,,,,,0.08%,73.32%,75.51,2.65,75.18,86.28,66.37,,2.82M,3.16M,1.26,51.40,2.01,10.82,"Mar 14, 2022",5.59B,"Nov 28, 2021","Dec 30, 2020",517.04M,1.2,1.45%,6.88B,"Jun 02, 2019",4725:10000,2.5B,"Sep 29, 2021",1.48B,2.96B,11.30%,44.78%,29.22%,,17.70%,2.65%,4.64%,22.19B,37.14,,518.1M,5.9M,,,,,,,,,,8.27M,,1.28%,,,,,,1.14%,,,,,,1.93,,,,,,1.67B,3.22,11.06B,40.60,1.20,1.75%
DLR,1325033000.0,21075863000.0,142698000.0,2824000.0,,314909000.0,7937440000.0,2442166000.0,,13448210000.0,1807689000.0,519214000.0,1219106000.0,6893272000.0,777675000.0,8787000.0,675307000.0,666451000.0,-3805809000.0,22033999000.0,,,,36369560000.0,1370591000.0,2171279000.0,17845778000.0,17272878000.0,-3805809000.0,465362000.0,,154502000.0,638092000.0,1094358000.0,3961000.0,-71762000.0,519214000.0,1067810000.0,1057629000.0,1090397000.0,154502000.0,-1000.0,,188108000.0,948952000.0,939856000.0,1103454000.0,,24393000.0,-184879000.0,,156603000.0,-971606000.0,,379635000.0,-9947000.0,-32182000.0,-6641000.0,3787000.0,-508784000.0,1067810000.0,1484000.0,-50298000.0,,-513460000.0,451938000.0,118096000.0,,,,,,,,,,0.13%,100.60%,,3.26,,,,,1.17M,1.65M,,58.28,0.63,2.37,"Mar 30, 2022",2.25B,"Mar 13, 2022","Dec 30, 2021",283.97M,4.88,3.59%,2.65B,,,1.69B,"Dec 30, 2021",1.68B,1.7B,17.13%,78.11%,38.62%,"1,750.90%",0.90%,1.31%,9.44%,4.43B,15.67,,283.79M,,,8.33M,,,,,,,9.64M,,,,,3.45%,,,,,,2.93%,,,,,,4.71,,,,142.7M,0.5,15.18B,81.94,4.60,3.16%
DOW,7497000000.0,7988000000.0,2911000000.0,8000000.0,1357000000.0,1316000000.0,8801000000.0,2962000000.0,7111000000.0,13719000000.0,5435000000.0,589000000.0,9461000000.0,4676000000.0,2783000000.0,769000000.0,1948000000.0,16307000000.0,-9689000000.0,21375000000.0,19357000000.0,223000000.0,141000000.0,61749000000.0,20393000000.0,12793000000.0,44721000000.0,16439000000.0,-10914000000.0,11575000000.0,,2635000000.0,3262000000.0,2248000000.0,542000000.0,-178000000.0,589000000.0,1683000000.0,1675000000.0,1706000000.0,2635000000.0,,210000000.0,317000000.0,12202000000.0,-387000000.0,14837000000.0,-435000000.0,-630000000.0,-319000000.0,-224000000.0,130000000.0,470000000.0,256000000.0,703000000.0,-518000000.0,-45000000.0,-327000000.0,12000000.0,-1120000000.0,1683000000.0,-448000000.0,-10000000.0,-400000000.0,-2474000000.0,2721000000.0,-767000000.0,,,,,,,,,,0.14%,67.69%,59.69,,61.47,71.38,52.07,,4.13M,5.62M,1.62,22.23,1.59,7.70,"Mar 10, 2022",10.02B,"Nov 28, 2021","Dec 30, 2020",738.42M,2.8,4.61%,5.18B,,,4.2B,"Sep 29, 2021",5.79B,6.06B,14.03%,36.27%,11.32%,,52.80%,7.40%,39.37%,51.31B,68.91,,739.61M,,14.02M,,,,,,,,,,16.67M,,1.90%,,,,,,1.90%,,,,,,2.49,,,,,3.05B,4.13,16.6B,97.46,2.80,4.43%
DPZ,111780000.0,115000.0,295352000.0,366000.0,1584000.0,,15034000.0,91371000.0,64563000.0,4953525000.0,82500000.0,,238906000.0,-4233918000.0,37908000.0,393081000.0,218405000.0,87786000.0,-2412000.0,511547000.0,-4125582000.0,51500000.0,,1764356000.0,1025996000.0,596354000.0,5891869000.0,-4127513000.0,-2412000.0,721368000.0,,180280000.0,276622000.0,134805000.0,14403000.0,-45523000.0,,120402000.0,120402000.0,120402000.0,180280000.0,,,96342000.0,817710000.0,-45475000.0,997990000.0,-17489000.0,44540000.0,,,0.0,-5498000.0,56372000.0,16578000.0,-34786000.0,-244000.0,,6923000.0,-13646000.0,120402000.0,,13000.0,-85417000.0,-126926000.0,189186000.0,-17476000.0,,,,,,,,,,0.71%,94.36%,,0.82,,,,,503.96k,500.2k,,-112.88,1.72,13.18,"Mar 29, 2022",849.91M,"Dec 13, 2021","Jan 02, 2021",34.02M,3.76,0.70%,1.13B,,,396.67M,"Sep 11, 2021",506.68M,707M,18.34%,27.38%,11.59%,21.50%,3.10%,29.60%,,4.37B,115.14,,36.36M,1.21M,,,,,,,,,,1.22M,,4.34%,,,,,,3.33%,,,,,,3.03,,,,,,295.35M,8.12,5.3B,,3.60,0.93%
ECL,1237100000.0,6399800000.0,897900000.0,363700000.0,150800000.0,,6125600000.0,2889700000.0,1378200000.0,5923200000.0,,28300000.0,2542100000.0,-2081800000.0,477100000.0,45800000.0,553400000.0,1875100000.0,-1733500000.0,3447000000.0,8659800000.0,2700000.0,,17926200000.0,4986800000.0,2894500000.0,10964400000.0,6933500000.0,-8489800000.0,1963800000.0,,545000000.0,1357000000.0,402400000.0,73800000.0,-46000000.0,28300000.0,324500000.0,324500000.0,328600000.0,545000000.0,,,812000000.0,2775800000.0,-142600000.0,3320800000.0,-178200000.0,-504500000.0,-81900000.0,23700000.0,38000000.0,40300000.0,71200000.0,206900000.0,-137300000.0,4500000.0,,53900000.0,-752100000.0,324500000.0,1700000.0,-4400000.0,-7200000.0,-841000000.0,622700000.0,-290700000.0,,,,,,,,,,0.46%,88.41%,209.72,1.00,176.59,238.93,154.85,,1.19M,1.71M,1.01,24.19,1.72,3.91,"Apr 14, 2022",2.71B,"Dec 12, 2021","Dec 30, 2020",254.44M,2.04,0.87%,4.93B,"Jun 08, 2003",2:1,1.31B,"Sep 29, 2021",1.13B,2.07B,15.05%,48.98%,9.08%,31.80%,10.00%,6.49%,17.58%,12.43B,43.48,,286.57M,2.69M,,,,,,,,,,2.25M,,1.08%,,,,,,0.94%,,,,,,2.85,,,,,,897.9M,3.13,6.33B,90.91,1.92,1.07%
EFX,192500000.0,1517600000.0,2025500000.0,236600000.0,,,5169200000.0,1366600000.0,,4969400000.0,124900000.0,15900000.0,694600000.0,-2996600000.0,279400000.0,49700000.0,757800000.0,671900000.0,-261600000.0,1252900000.0,4677400000.0,,,11083300000.0,2890300000.0,1886900000.0,7528200000.0,3539200000.0,-2892400000.0,489000000.0,,273200000.0,733900000.0,265400000.0,58800000.0,-35000000.0,15900000.0,205400000.0,205400000.0,206600000.0,273200000.0,,,344200000.0,949700000.0,-7800000.0,1222900000.0,-97400000.0,1567400000.0,-3600000.0,,0.0,-6700000.0,84800000.0,118500000.0,-47600000.0,-9000000.0,,8300000.0,1597000000.0,205400000.0,-21500000.0,,-13500000.0,1522700000.0,398400000.0,-344700000.0,,,,,,,,,,0.41%,93.04%,256.49,1.08,227.18,300.11,188.5,,968k,1.11M,1.43,29.01,1.53,5.65,"Mar 14, 2022",1.53B,"Nov 22, 2021","Dec 30, 2020",121.64M,1.56,0.56%,2.39B,"Dec 17, 1995",2:1,658.12M,"Sep 29, 2021",696.5M,1.25B,22.37%,27.61%,14.54%,-10.10%,14.50%,6.59%,21.56%,4.79B,39.32,,122M,1.85M,,,,,,,,,,2.28M,,1.71%,,,,,,1.52%,,,,,,2.59,,,,,,2.03B,16.6,5.47B,153.86,1.56,0.72%
EL,1485000000.0,5450000000.0,3995000000.0,6000000.0,,,2575000000.0,3923000000.0,2633000000.0,5267000000.0,,876000000.0,2265000000.0,-417000000.0,1125000000.0,61000000.0,1123000000.0,1964000000.0,-625000000.0,4471000000.0,12864000000.0,285000000.0,,21580000000.0,9486000000.0,5319000000.0,14623000000.0,6081000000.0,-12239000000.0,1058000000.0,,939000000.0,3334000000.0,897000000.0,202000000.0,-42000000.0,876000000.0,692000000.0,692000000.0,695000000.0,939000000.0,,,2395000000.0,3453000000.0,-42000000.0,4392000000.0,-205000000.0,-963000000.0,-583000000.0,-178000000.0,-191000000.0,40000000.0,-44000000.0,183000000.0,-192000000.0,-15000000.0,-6000000.0,36000000.0,-1000000.0,692000000.0,,58000000.0,-557000000.0,-714000000.0,-81000000.0,-153000000.0,,,,,,,,,,0.74%,90.48%,319.82,0.97,283.88,374.2,248.42,,1.35M,1.64M,1.0,16.86,1.78,8.25,"Mar 14, 2022",3.96B,"Nov 28, 2021","Jun 29, 2021",230.38M,2.4,0.65%,12.39B,"Jan 22, 2012",2:1,2.09B,"Sep 29, 2021",3.04B,3.19B,19.23%,25.70%,17.83%,32.30%,23.30%,10.37%,53.24%,17.05B,46.97,,231.7M,2.73M,,,,,,,,,,2.2M,,1.18%,,,,,,0.76%,,,,,,2.08,,,,,,4B,11.12,8B,114.93,2.12,0.81%
EXPD,1806977000.0,74925000.0,1820106000.0,1694000.0,,,7927000.0,,,,,3234000.0,3330398000.0,3409431000.0,17112000.0,961035000.0,1044992000.0,5651000.0,-122800000.0,939805000.0,3463539000.0,,,7076383000.0,6111539000.0,3275482000.0,3655791000.0,3417358000.0,-122800000.0,3751831000.0,,489637000.0,567430000.0,492832000.0,132922000.0,,3234000.0,359068000.0,359068000.0,359910000.0,489637000.0,60803000.0,,4237000.0,3829624000.0,3195000.0,4319261000.0,-9870000.0,145985000.0,-714300000.0,,817535000.0,12753000.0,-343816000.0,12753000.0,,-7573000.0,,56965000.0,7479000.0,359068000.0,-1631000.0,-157000.0,-76599000.0,-13786000.0,177371000.0,-10027000.0,,,,,,,,,,0.60%,94.08%,119.19,1.23,103.19,137.8,94.95,,1.67M,1.46M,0.79,20.17,1.87,6.76,"Dec 14, 2021",1.62B,"Nov 29, 2021","Dec 30, 2020",168.54M,1.16,0.89%,1.22B,"Jun 25, 2006",2:1,493.42M,"Sep 29, 2021",1.16B,705.2M,10.71%,16.27%,7.93%,87.70%,83.90%,17.14%,39.30%,14.64B,86.41,,169.4M,3.75M,,,,,,,,,,3.53M,,2.86%,,,,,,2.21%,,,,,,2.85,,,,,,1.82B,10.74,456.02M,13.33,1.10,1.14%
FAST,256900000.0,90600000.0,250500000.0,2900000.0,,,,,1401100000.0,330000000.0,,,949400000.0,2964700000.0,183300000.0,169300000.0,,104600000.0,-29600000.0,1268900000.0,2900800000.0,35000000.0,,4222500000.0,2770300000.0,662500000.0,1257800000.0,2964700000.0,-29600000.0,834000000.0,,318400000.0,720200000.0,316100000.0,72600000.0,-2400000.0,,243500000.0,243500000.0,243500000.0,318400000.0,,,401800000.0,1235800000.0,-2300000.0,1554200000.0,-47400000.0,-71300000.0,-44200000.0,-77100000.0,20800000.0,4100000.0,-14400000.0,42800000.0,-161000000.0,-2900000.0,,10800000.0,-40000000.0,243500000.0,,-100000.0,,-190200000.0,167400000.0,-45600000.0,,,,,,,,,,0.35%,79.29%,56.49,2.44,55.29,64.75,48.84,,3.78M,3.65M,1.22,5.16,4.18,1.54,"May 24, 2022",1.35B,"Oct 24, 2021","Dec 30, 2020",572.91M,1.12,1.80%,2.57B,"May 22, 2019",2:1,607.96M,"Sep 29, 2021",889.9M,934.7M,20.21%,70.78%,15.25%,9.90%,10.00%,17.70%,30.42%,5.84B,10.16,,575.16M,13.45M,,,,,,,,,,12.23M,,2.67%,,,,,,2.34%,,,,,,4.27,,,,,,250.5M,0.44,618.3M,20.85,1.09,1.89%
FB,4083000000.0,55811000000.0,16601000000.0,,,,19197000000.0,634000000.0,,,6775000000.0,,14039000000.0,105048000000.0,2751000000.0,149000000.0,12698000000.0,6721000000.0,-693000000.0,69964000000.0,69761000000.0,,31397000000.0,165987000000.0,66666000000.0,21135000000.0,41108000000.0,124879000000.0,-693000000.0,6348000000.0,,12585000000.0,27323000000.0,12703000000.0,2418000000.0,,,10285000000.0,10285000000.0,10285000000.0,12585000000.0,,7046000000.0,7692000000.0,21086000000.0,118000000.0,33671000000.0,-5369000000.0,2061000000.0,-2038000000.0,,976000000.0,3189000000.0,3678000000.0,2014000000.0,,-130000000.0,11843000000.0,,-173000000.0,10285000000.0,,-124000000.0,-21569000000.0,-21742000000.0,18104000000.0,5829000000.0,,,,,,,,,,0.53%,79.03%,,,,,,,22.39M,37.61M,,47.75,3.15,13.97,,54.72B,,"Dec 30, 2021",2.29B,,,95.28B,,,28.81B,"Dec 30, 2021",39.37B,57.68B,39.65%,0.00%,33.38%,-8.30%,19.90%,17.97%,31.10%,117.93B,41.89,,2.37B,,,31.82M,,,,,,,24.11M,,,,,1.39%,,,,,,1.17%,,,,,,0.64,,,,48B,17.63,14.45B,11.57,,
FDX,4190000000.0,3653000000.0,6833000000.0,32000000.0,,,6702000000.0,,594000000.0,19946000000.0,,,12197000000.0,18238000000.0,3627000000.0,,,11082000000.0,-977000000.0,53171000000.0,31307000000.0,47000000.0,,84247000000.0,20747000000.0,13884000000.0,59307000000.0,24940000000.0,-10052000000.0,17584000000.0,,1594000000.0,5890000000.0,1380000000.0,336000000.0,-155000000.0,,1044000000.0,1042000000.0,1044000000.0,1594000000.0,3301000000.0,,,21880000000.0,-214000000.0,23474000000.0,-1573000000.0,-20000000.0,-1245000000.0,,34000000.0,1245000000.0,-75000000.0,995000000.0,-200000000.0,-77000000.0,,27000000.0,-8000000.0,1044000000.0,1000000.0,,-199000000.0,-379000000.0,1998000000.0,-1562000000.0,,,,,,,,,,7.59%,72.38%,,1.17,,,,,2.65M,2.61M,,94.12,1.49,18.18,"Mar 31, 2022",11.72B,"Dec 09, 2021","May 30, 2021",489.33M,3,1.13%,23.73B,"May 06, 1999",2:1,2.83B,"Nov 29, 2021",4.91B,8.99B,8.74%,15.42%,5.49%,-14.80%,14.20%,5.91%,21.38%,89.55B,337.93,,264.97M,2.63M,,,,,,,,,,3.49M,,1.07%,,,,,,0.99%,,,,,,1.39,,,,,,6.83B,12.89,36.83B,147.67,2.90,1.42%
FLT,1406350000.0,2878751000.0,1520027000.0,127000.0,,,5107878000.0,2306485000.0,,4460039000.0,52016000.0,,2849574000.0,-4547783000.0,213932000.0,730668000.0,1959115000.0,787683000.0,-1464616000.0,236294000.0,6256442000.0,399628000.0,,13366449000.0,5449844000.0,5252147000.0,10499869000.0,2866580000.0,-6268740000.0,171533000.0,,340292000.0,630722000.0,302487000.0,77483000.0,-27666000.0,,225004000.0,225004000.0,225004000.0,340292000.0,-865000.0,,216282000.0,461963000.0,-37805000.0,802255000.0,-37075000.0,241758000.0,291756000.0,,-62868000.0,61930000.0,581000.0,77391000.0,,-24524000.0,,622000.0,314938000.0,225004000.0,-17412000.0,,-533445000.0,-235297000.0,595722000.0,-94143000.0,,,,,,,,,,5.65%,90.45%,,,,,,,519.18k,557.25k,,39.10,1.04,9.69,,1.53B,,"Dec 30, 2021",75.7M,,,2.27B,,,1.09B,"Dec 30, 2021",839.5M,1.2B,43.85%,0.00%,29.62%,7.20%,30.00%,6.32%,26.99%,2.83B,34.53,,81.2M,,,955.49k,,,,,,,1.1M,,,,,1.43%,,,,,,1.23%,,,,,,1.44,,,,1.52B,18.95,5.98B,208.53,,
FRC,145326345000.0,5685384000.0,12279447000.0,1793000.0,,,171616000.0,69609000.0,,8376370000.0,25604779000.0,,23300000.0,11686111000.0,132138503000.0,453369000.0,,1495125000.0,-19846000.0,1795358000.0,6241963000.0,1100000000.0,,172570503000.0,12790638000.0,146468246000.0,157768709000.0,11909294000.0,-19846000.0,0.0,,0.0,1268617000.0,470086000.0,100399000.0,,,369687000.0,345260000.0,369687000.0,485899000.0,68794000.0,,713924000.0,782718000.0,-15813000.0,1268617000.0,-47542000.0,4402495000.0,,,0.0,61833000.0,58976000.0,48405000.0,-63621000.0,,-1328091000.0,449853000.0,-1300000000.0,369687000.0,10671838000.0,32672000.0,-23457000.0,10470337000.0,538901000.0,-6606743000.0,,,,,,,,,,0.00%,96.91%,192.51,0.66,166.63,222.86,150.0,,1.56M,1.52M,1.11,66.44,,7.26,"May 11, 2022",,"Oct 26, 2021","Dec 30, 2020",177.93M,0.88,0.43%,3.76B,,,,"Sep 29, 2021",1.29B,335.57M,38.59%,11.57%,29.36%,26.10%,30.40%,0.90%,10.50%,4.68B,26.64,,179.29M,1.75M,,,,,,,,,,1.84M,,0.98%,,,,,,0.98%,,,,,,2.08,,,,,,12.31B,68.68,10.95B,,0.86,0.55%
GILD,585000000.0,4492000000.0,4362000000.0,1000000.0,,,8332000000.0,33900000000.0,1676000000.0,25175000000.0,2541000000.0,1000000.0,4566000000.0,-20762000000.0,3297000000.0,50000000.0,985000000.0,10207000000.0,74000000.0,5037000000.0,16903000000.0,2511000000.0,2247000000.0,67098000000.0,13991000000.0,10245000000.0,45627000000.0,21470000000.0,74000000.0,1398000000.0,,3686000000.0,6023000000.0,3438000000.0,852000000.0,-250000000.0,1000000.0,2592000000.0,2592000000.0,2586000000.0,3686000000.0,,1147000000.0,1190000000.0,3735000000.0,-248000000.0,7421000000.0,-139000000.0,-531000000.0,-422000000.0,70000000.0,-20000000.0,591000000.0,-153000000.0,523000000.0,-900000000.0,-23000000.0,-31000000.0,57000000.0,-2500000000.0,2592000000.0,-39000000.0,-10000000.0,-145000000.0,-3527000000.0,3253000000.0,-234000000.0,,,,,,,,,,0.10%,82.42%,,3.47,,,,,8.43M,11.41M,,17.11,1.37,5.84,"Mar 29, 2022",14.93B,"Dec 13, 2021","Dec 30, 2020",1.25B,2.84,3.93%,21B,"Jan 27, 2013",2:1,8.19B,"Sep 29, 2021",7.39B,10.09B,47.25%,47.87%,26.91%,620.00%,12.80%,12.68%,37.85%,27.48B,21.88,,1.25B,22.2M,,,,,,,,,,23.12M,,1.77%,,,,,,1.77%,,,,,,2.89,,,,,,6.61B,5.27,27.69B,128.95,2.81,4.56%
GL,395914000.0,533683000.0,96325000.0,113218000.0,,,481791000.0,4837409000.0,,1546194000.0,21756971000.0,,485475000.0,8126360000.0,1480986000.0,264257000.0,1814327000.0,16738399000.0,2661619000.0,,6353261000.0,149666000.0,93364000.0,29496578000.0,939421000.0,2603834000.0,20888427000.0,8608151000.0,1607989000.0,945772000.0,,251681000.0,332066000.0,230795000.0,41924000.0,-20886000.0,,188871000.0,188871000.0,188871000.0,251681000.0,72609000.0,,,1026157000.0,-20886000.0,1277838000.0,-7003000.0,-41747000.0,,,0.0,169112000.0,,,-20177000.0,4635000.0,115054000.0,1019000.0,-316019000.0,188871000.0,-17540000.0,-59200000.0,-97796000.0,-450513000.0,357983000.0,46148000.0,,,,,,,,,,2.08%,76.75%,,0.77,,,,,543.55k,612.03k,,85.11,0.36,7.39,"Apr 28, 2022",1.05B,"Jan 05, 2022","Dec 30, 2020",92.36M,0.79,0.81%,1.28B,"Jul 01, 2014",3:2,1.41B,"Sep 29, 2021",771.25M,1.46B,20.52%,10.57%,15.29%,-0.00%,6.90%,2.25%,9.16%,5.04B,48.94,,100.98M,985.19k,,,,,,,,,,970.62k,,1.12%,,,,,,0.98%,,,,,,1.74,,,,,,189.69M,1.88,1.94B,22.53,0.78,0.77%
GOOGL,4616000000.0,,23719000000.0,61193000000.0,1195000000.0,,22623000000.0,1549000000.0,1278000000.0,12841000000.0,26544000000.0,,34800000000.0,220395000000.0,5028000000.0,6029000000.0,31814000000.0,15295000000.0,-408000000.0,107549000000.0,183782000000.0,,118284000000.0,347403000000.0,184110000000.0,61782000000.0,102836000000.0,244567000000.0,-408000000.0,27621000000.0,,21031000000.0,37497000000.0,23064000000.0,4128000000.0,-77000000.0,,18936000000.0,18936000000.0,18936000000.0,21031000000.0,,7694000000.0,8772000000.0,44087000000.0,2033000000.0,65118000000.0,-6819000000.0,89000000.0,-2409000000.0,,510000000.0,493000000.0,1664000000.0,3304000000.0,,-146000000.0,-3360000000.0,,-42000000.0,18936000000.0,-2602000000.0,388000000.0,-12610000000.0,-15254000000.0,25539000000.0,-10050000000.0,,,,,,,,,,0.15%,79.67%,,,,,,,1.43M,1.91M,,367.95,2.98,103.81,,85.2B,,"Dec 30, 2020",578.39M,,,97.8B,"Apr 02, 2014",1998:1000,52.66B,"Sep 29, 2021",70.62B,89.4B,30.30%,0.00%,29.52%,68.40%,41.00%,14.01%,30.87%,239.21B,356.56,,300.81M,2.06M,,,,,,,,,,2.56M,,0.69%,,,,,,0.31%,,,,,,1.39,,,,,,142B,213.94,28.11B,11.49,,
HON,6116000000.0,7612000000.0,11087000000.0,958000000.0,760000000.0,,16963000000.0,3637000000.0,4967000000.0,14243000000.0,1243000000.0,279000000.0,7414000000.0,-2758000000.0,9865000000.0,1516000000.0,300000000.0,10693000000.0,-3193000000.0,6450000000.0,42079000000.0,3286000000.0,1049000000.0,64191000000.0,26033000000.0,20207000000.0,46070000000.0,17842000000.0,-32807000000.0,5746000000.0,,1899000000.0,2727000000.0,1700000000.0,427000000.0,-86000000.0,279000000.0,1257000000.0,1257000000.0,1273000000.0,1899000000.0,,,828000000.0,6574000000.0,-199000000.0,8473000000.0,-208000000.0,-340000000.0,-292000000.0,-245000000.0,-23000000.0,-22000000.0,136000000.0,308000000.0,-646000000.0,-37000000.0,-17000000.0,57000000.0,-38000000.0,1257000000.0,-41000000.0,111000000.0,-650000000.0,-1318000000.0,1119000000.0,-104000000.0,,,,,,,,,,0.09%,75.45%,211.45,1.94,190.04,236.86,174.42,,2.71M,3.65M,1.17,25.92,1.29,7.77,"Mar 10, 2022",8.73B,"Nov 09, 2021","Dec 30, 2020",653.44M,3.92,1.88%,10.47B,"Oct 28, 2018",1032:1000,4.94B,"Sep 29, 2021",5.47B,6.16B,21.78%,47.88%,15.80%,65.80%,8.70%,7.39%,30.44%,34.64B,49.78,,688.42M,4.98M,,,,,,,,,,6.39M,,0.72%,,,,,,0.72%,,,,,,1.46,,,,,,12.14B,17.63,22.26B,122.85,3.72,1.95%
HPQ,16075000000.0,1060000000.0,4299000000.0,11000000.0,2917000000.0,36000000.0,6803000000.0,784000000.0,7930000000.0,6396000000.0,130000000.0,,8849000000.0,-9237000000.0,4985000000.0,278000000.0,5532000000.0,3818000000.0,-260000000.0,3738000000.0,-2461000000.0,662000000.0,5000000.0,38610000000.0,22170000000.0,29096000000.0,40260000000.0,-1650000000.0,-260000000.0,13410000000.0,,1367000000.0,3265000000.0,3553000000.0,454000000.0,-61000000.0,,3099000000.0,3099000000.0,3099000000.0,1367000000.0,,445000000.0,1402000000.0,15308000000.0,2186000000.0,16675000000.0,-172000000.0,860000000.0,-583000000.0,61000000.0,117000000.0,-264000000.0,173000000.0,200000000.0,-219000000.0,,17000000.0,,394000000.0,3099000000.0,-9000000.0,27000000.0,-1754000000.0,-1588000000.0,2848000000.0,-400000000.0,,,,,,,,,,0.18%,86.17%,,2.88,,,,,24.41M,15.65M,,-1.51,0.76,5.33,"Apr 05, 2022",6.6B,"Mar 07, 2022","Oct 30, 2021",1.08B,1,2.67%,13.42B,"Nov 01, 2015",2202:1000,4.02B,"Oct 30, 2021",6.5B,6.41B,9.15%,14.54%,10.24%,363.90%,9.30%,9.91%,,63.49B,52.56,,1.08B,,,,40.41M,,,40.95M,,,,,,,,,4.34%,,,,,,3.73%,,,,,,4.48,,,4.3B,3.97,8.8B,,0.77,2.05%
HSY,692338000.0,1260331000.0,329266000.0,221553000.0,40873000.0,,2633174000.0,2298244000.0,988511000.0,4020325000.0,93089000.0,,671464000.0,-2174189000.0,203619000.0,127678000.0,3070000.0,764163000.0,-249215000.0,2937899000.0,2719936000.0,,,10412231000.0,2246206000.0,2493313000.0,7655002000.0,2757229000.0,-1444591000.0,1313291000.0,,454022000.0,1012837000.0,342941000.0,3150000.0,-30430000.0,,335556000.0,335556000.0,339791000.0,454022000.0,,40107000.0,518708000.0,1872106000.0,-111081000.0,2326128000.0,-148427000.0,-346250000.0,208222000.0,60321000.0,-36714000.0,136039000.0,14612000.0,83049000.0,-180793000.0,982000.0,-52500000.0,9849000.0,527634000.0,335556000.0,,-590000.0,,356690000.0,679167000.0,-1383089000.0,,,,,,,,,,0.23%,77.57%,188.56,2.22,209.78,228.46,157.94,,1.02M,1.09M,0.39,12.27,0.90,6.89,"Mar 14, 2022",2.36B,"Feb 16, 2022","Dec 30, 2021",144.97M,3.6,1.69%,4.05B,"Jun 15, 2004",2:1,1.17B,"Dec 30, 2021",1.48B,2.08B,22.83%,47.96%,16.47%,15.20%,6.40%,13.10%,59.37%,8.97B,43.40,,145.39M,,,1.89M,,,,,,,2M,,,,,1.46%,,,,,,0.92%,,,,,,1.58,,,,329.27M,1.6,5.38B,194.98,3.31,1.47%
IBM,4248000000.0,,7455000000.0,57189000000.0,8967000000.0,2248000000.0,61378000000.0,13025000000.0,1891000000.0,46569000000.0,1944000000.0,129000000.0,15418000000.0,-52175000000.0,19463000000.0,2771000000.0,14492000000.0,35908000000.0,-27302000000.0,13391000000.0,161747000000.0,6632000000.0,600000000.0,144214000000.0,29967000000.0,35831000000.0,121857000000.0,22228000000.0,-196708000000.0,9340000000.0,,1786000000.0,8278000000.0,1318000000.0,188000000.0,-291000000.0,129000000.0,1130000000.0,1130000000.0,1130000000.0,1786000000.0,-143000000.0,1620000000.0,5015000000.0,15832000000.0,-468000000.0,17618000000.0,-558000000.0,242000000.0,,,0.0,255000000.0,-356000000.0,1684000000.0,-1471000000.0,-94000000.0,126000000.0,,-288000000.0,1130000000.0,29000000.0,,-18000000.0,-1748000000.0,2713000000.0,-629000000.0,,,,,,,,,,0.13%,57.88%,129.74,4.57,128.31,146.12,114.56,,3.59M,5M,1.1,24.79,0.84,5.28,"Mar 09, 2022",15.66B,"Nov 08, 2021","Dec 30, 2020",895.2M,6.56,4.75%,35.58B,"May 26, 1999",2:1,12.53B,"Sep 29, 2021",4.68B,16.11B,11.98%,126.25%,6.40%,-33.50%,0.30%,3.74%,21.41%,74.46B,83.23,,896.32M,22.95M,,,,,,,,,,24.18M,,2.56%,,,,,,2.56%,,,,,,4.18,,,,,,8.06B,8.98,58.98B,263.80,6.54,5.19%
ICE,696000000.0,14019000000.0,618000000.0,6000000.0,,,21309000000.0,13928000000.0,,12394000000.0,,120000000.0,1327000000.0,-13678000000.0,982000000.0,109743000000.0,109230000000.0,4283000000.0,-206000000.0,1723000000.0,13009000000.0,499000000.0,701000000.0,150662000000.0,112720000000.0,112032000000.0,128983000000.0,21559000000.0,-5475000000.0,0.0,,892000000.0,1802000000.0,824000000.0,187000000.0,-108000000.0,120000000.0,633000000.0,633000000.0,637000000.0,892000000.0,,,657000000.0,910000000.0,-68000000.0,1802000000.0,-22000000.0,15000000.0,-35000000.0,,-116000000.0,-7000000.0,-205000000.0,253000000.0,-187000000.0,-4000000.0,,,-237000000.0,633000000.0,16000000.0,-2000000.0,-2000000.0,-410000000.0,523000000.0,-94000000.0,,,,,,,,,,1.33%,89.97%,,1.15,,,,,3.12M,3.03M,,38.36,1.01,5.42,"Mar 30, 2022",4.24B,"Dec 15, 2021","Dec 30, 2020",561.39M,1.32,0.98%,6.04B,"Nov 03, 2016",5:1,2.65B,"Sep 29, 2021",3.06B,3.2B,48.89%,23.80%,43.81%,62.30%,27.70%,1.53%,15.03%,6.98B,12.40,,563.4M,4.07M,,,,,,,,,,4M,,0.73%,,,,,,0.72%,,,,,,1.82,,,,,,1.32B,2.34,14.5B,66.88,1.29,1.03%
IDXX,116140000.0,1377320000.0,144454000.0,10688000.0,24784000.0,122411000.0,359345000.0,99035000.0,269030000.0,775205000.0,,,425584000.0,231612000.0,330400000.0,74590000.0,83240000.0,121036000.0,-47765000.0,692768000.0,2920440000.0,74996000.0,,2437203000.0,955655000.0,763579000.0,1747211000.0,689992000.0,-3618456000.0,344669000.0,,199191000.0,456421000.0,191883000.0,29112000.0,-7477000.0,,162771000.0,162771000.0,162771000.0,199191000.0,,45306000.0,211924000.0,601899000.0,-7308000.0,801090000.0,-31788000.0,-749000.0,15909000.0,-6028000.0,10532000.0,2269000.0,-3184000.0,27695000.0,,-853000.0,,9137000.0,73500000.0,162771000.0,-3640000.0,,-244817000.0,-165820000.0,209964000.0,-44040000.0,,,,,,,,,,0.94%,87.42%,,,,,,,438.12k,529.17k,,8.89,1.25,8.72,,1.04B,,"Dec 30, 2021",83.39M,,,1.89B,"Jun 15, 2015",2:1,534.41M,"Dec 30, 2021",744.84M,755.55M,28.99%,0.00%,23.17%,-6.90%,11.10%,24.62%,112.62%,3.22B,37.74,,84.79M,,,773.03k,,,,,,,724.73k,,,,,1.04%,,,,,,0.92%,,,,,,1.28,,,,144.45M,1.72,1.03B,149.43,,
ILMN,248000000.0,8849000000.0,1080000000.0,2000000.0,,705000000.0,7098000000.0,2646000000.0,401000000.0,1687000000.0,233000000.0,,604000000.0,849000000.0,950000000.0,,306000000.0,1085000000.0,13000000.0,1685000000.0,5372000000.0,,185000000.0,15063000000.0,2451000000.0,914000000.0,4470000000.0,10593000000.0,-3630000000.0,320000000.0,,129000000.0,788000000.0,420000000.0,103000000.0,-14000000.0,,317000000.0,317000000.0,317000000.0,129000000.0,,269000000.0,372000000.0,979000000.0,291000000.0,1108000000.0,-52000000.0,-3116000000.0,-64000000.0,-18000000.0,-40000000.0,-400000000.0,-139000000.0,65000000.0,,-2000000.0,-32000000.0,28000000.0,,317000000.0,,,-422000000.0,-394000000.0,-272000000.0,-2448000000.0,58.14B,48.61,12.85,87.72,56.94B,2.70,5.30,12.10,71.96,0.33%,87.87%,,,,,,,764.26k,874.49k,,67.47,2.68,6.11,,918M,,"Jan 02, 2021",155.65M,,,2.23B,"Sep 22, 2008",2:1,1.49B,"Oct 02, 2021",907M,669M,16.50%,0.00%,21.19%,77.10%,39.50%,3.93%,11.86%,4.28B,28.97,,156.3M,1.71M,,,,,,,,,,1.73M,,1.25%,,,,,,1.09%,,,,,,1.62,,,,,,1.26B,8.09,2.54B,23.95,,
IQV,2663000000.0,10744000000.0,1470000000.0,3000000.0,105000000.0,,13124000000.0,4812000000.0,,12119000000.0,158000000.0,,2386000000.0,-12107000000.0,516000000.0,410000000.0,2093000000.0,915000000.0,-445000000.0,889000000.0,1925000000.0,91000000.0,104000000.0,24033000000.0,4534000000.0,4847000000.0,18204000000.0,5829000000.0,-6843000000.0,2253000000.0,,304000000.0,1138000000.0,273000000.0,12000000.0,-92000000.0,,261000000.0,261000000.0,261000000.0,304000000.0,,,498000000.0,3087000000.0,-31000000.0,3391000000.0,-162000000.0,-337000000.0,182000000.0,,0.0,8000000.0,53000000.0,336000000.0,,-20000000.0,-5000000.0,,36000000.0,261000000.0,-7000000.0,1000000.0,-95000000.0,-66000000.0,844000000.0,-1095000000.0,,,,,,,,,,0.71%,90.61%,249.31,,232.04,285.61,208.61,,1.15M,1.17M,1.4,30.50,0.94,3.93,,2.34B,,"Dec 30, 2020",189.68M,,,3.86B,,,2.49B,"Sep 29, 2021",767M,3B,9.33%,0.00%,5.67%,158.40%,21.70%,3.30%,13.12%,13.54B,70.70,,191.04M,2.21M,,,,,,,,,,1.97M,,1.31%,,,,,,1.16%,,,,,,2.33,,,,,,1.57B,8.24,12.53B,215.01,,
IR,632900000.0,9386500000.0,2033000000.0,4200000.0,21300000.0,,6100600000.0,3695800000.0,863600000.0,3396200000.0,,69200000.0,927000000.0,-1142800000.0,476300000.0,207300000.0,535400000.0,1145200000.0,-81300000.0,619200000.0,93800000.0,40100000.0,,14922800000.0,4030900000.0,1632600000.0,6200000000.0,8653600000.0,-830900000.0,810700000.0,-4200000.0,181800000.0,514300000.0,133700000.0,2700000.0,-22500000.0,69200000.0,126000000.0,126000000.0,131000000.0,181800000.0,1300000.0,,250900000.0,1143200000.0,-48100000.0,1325000000.0,-15300000.0,-1636900000.0,29200000.0,-45900000.0,2900000.0,90900000.0,-189600000.0,102500000.0,,-10700000.0,,7200000.0,-406000000.0,126000000.0,,-1300000.0,-733300000.0,-1132100000.0,116000000.0,-610100000.0,,,,,,,,,,0.23%,98.97%,53.5,,50.41,62.64,44.85,,2.72M,2.7M,1.47,21.24,2.47,0.99,"Mar 23, 2022",1.16B,"Nov 08, 2021","Dec 30, 2020",406.39M,0.08,0.13%,1.61B,"Dec 01, 2013",1252:1000,1.26B,"Sep 29, 2021",488.9M,792.1M,11.02%,0.00%,7.15%,327.10%,19.10%,2.66%,5.58%,5.89B,14.10,,407.58M,4.61M,,,,,,,,,,4.79M,,1.56%,,,,,,1.13%,,,,,,2.09,,,,,,2.03B,4.99,3.5B,40.11,2.12,4.58%
JCI,3746000000.0,17116000000.0,1336000000.0,7000000.0,755000000.0,117000000.0,18335000000.0,5549000000.0,2057000000.0,7506000000.0,1066000000.0,1191000000.0,5738000000.0,-6322000000.0,2338000000.0,867000000.0,3666000000.0,5478000000.0,-434000000.0,4604000000.0,2025000000.0,226000000.0,,41890000000.0,9998000000.0,9098000000.0,23137000000.0,17562000000.0,-1586000000.0,4201000000.0,,946000000.0,2191000000.0,806000000.0,490000000.0,-52000000.0,1191000000.0,269000000.0,269000000.0,316000000.0,946000000.0,,275000000.0,970000000.0,5446000000.0,-140000000.0,6392000000.0,-228000000.0,-115000000.0,14000000.0,-15000000.0,-41000000.0,-135000000.0,-151000000.0,218000000.0,-192000000.0,49000000.0,-6000000.0,18000000.0,36000000.0,269000000.0,-34000000.0,,-309000000.0,-481000000.0,521000000.0,-204000000.0,,,,,,,,,,0.21%,91.64%,,2.53,,,,,3.9M,4.54M,,24.78,1.10,2.27,"Apr 13, 2022",4.17B,"Dec 16, 2021","Sep 29, 2021",701.72M,1.36,1.69%,8.06B,"Sep 05, 2016",955:1000,2.69B,"Sep 29, 2021",1.51B,2.49B,14.05%,50.95%,6.92%,-39.00%,7.40%,5.03%,9.36%,23.67B,33.03,,704.33M,5.79M,,,,,,,,,,7.02M,,0.94%,,,,,,0.82%,,,,,,1.72,,,,,,1.34B,1.9,9.11B,48.60,1.07,1.72%
JKHY,14015000.0,527255000.0,44251000.0,1038000.0,,130995000.0,687458000.0,481422000.0,,65000000.0,13250000.0,,293427000.0,226785000.0,313444000.0,61429000.0,268840000.0,343389000.0,,294376000.0,2480574000.0,,,2280911000.0,490961000.0,430038000.0,885246000.0,1395665000.0,-1613202000.0,276636000.0,,133595000.0,211420000.0,133354000.0,31240000.0,-248000.0,,102114000.0,102114000.0,102114000.0,133595000.0,,26754000.0,51071000.0,354461000.0,-241000.0,488056000.0,-9273000.0,-6741000.0,53404000.0,,-57803000.0,12325000.0,-57576000.0,44173000.0,-34036000.0,,,3177000.0,-35027000.0,102114000.0,,,-953000.0,-66839000.0,106549000.0,-46451000.0,,,,,,,,,,0.96%,92.43%,,1.08,,,,,491.82k,633.78k,,18.85,1.14,4.30,"Mar 24, 2022",467.79M,"Dec 01, 2021","Jun 29, 2021",73.39M,1.84,1.05%,694.83M,"Mar 04, 2001",2:1,246.69M,"Sep 29, 2021",322.37M,454.2M,23.11%,42.00%,17.96%,11.90%,8.00%,11.23%,21.93%,1.79B,23.95,,74.04M,3.29M,,,,,,,,,,2.58M,,5.87%,,,,,,4.45%,,,,,,4.82,,,,,,44.25M,0.6,123.21M,8.83,1.81,0.90%
L,23832000000.0,3120000000.0,811000000.0,3000000.0,,3418000000.0,349000000.0,721000000.0,,8919000000.0,49856000000.0,1313000000.0,9187000000.0,17468000000.0,6737000000.0,,5588000000.0,23410000000.0,191000000.0,9878000000.0,15336000000.0,187000000.0,4178000000.0,81726000000.0,14185000000.0,30261000000.0,62596000000.0,17817000000.0,-642000000.0,2330000000.0,,403000000.0,1041000000.0,304000000.0,58000000.0,-99000000.0,1313000000.0,220000000.0,220000000.0,246000000.0,403000000.0,,,638000000.0,2968000000.0,-99000000.0,3371000000.0,-144000000.0,233000000.0,-28000000.0,,0.0,113000000.0,485000000.0,15000000.0,-16000000.0,-7000000.0,-347000000.0,,-8000000.0,220000000.0,-11000000.0,-26000000.0,-341000000.0,-376000000.0,1133000000.0,-517000000.0,,,,,,,,,,16.49%,64.36%,57.76,0.53,62.57,66.0,51.35,,735.86k,806.36k,0.94,70.21,0.47,6.15,"Mar 07, 2022",3.41B,"Nov 22, 2021","Dec 30, 2020",212.23M,0.25,0.42%,3.81B,"May 08, 2006",3:1,2.86B,"Sep 29, 2021",1.63B,2.13B,18.25%,4.11%,11.12%,58.30%,-2.70%,2.08%,9.37%,14.67B,55.35,,253.68M,1.78M,,,,,,,,,,1.82M,,0.84%,,,,,,0.70%,,,,,,1.89,,,,,,5B,19.7,9.11B,47.64,0.25,0.39%
LNT,436000000.0,2749000000.0,39000000.0,3000000.0,,1917000000.0,,,246000000.0,6735000000.0,517000000.0,,440000000.0,5990000000.0,1980000000.0,344000000.0,457000000.0,3751000000.0,-12000000.0,14987000000.0,3250000000.0,633000000.0,,18553000000.0,1069000000.0,2054000000.0,12563000000.0,5990000000.0,-12000000.0,606000000.0,,123000000.0,321000000.0,80000000.0,-8000000.0,-78000000.0,,88000000.0,88000000.0,88000000.0,123000000.0,26000000.0,,9000000.0,804000000.0,-43000000.0,927000000.0,-337000000.0,16000000.0,-133000000.0,,33000000.0,8000000.0,-54000000.0,163000000.0,-99000000.0,,,6000000.0,495000000.0,88000000.0,-15000000.0,61000000.0,,187000000.0,105000000.0,-276000000.0,,,,,,,,,,0.18%,77.54%,58.89,2.92,60.24,65.37,54.46,,1.19M,1.16M,0.41,23.91,0.52,2.53,"Feb 14, 2022",1.44B,"Jan 27, 2022","Dec 30, 2021",250.11M,1.71,3.06%,1.56B,"May 19, 2016",2:1,-381.25M,"Dec 30, 2021",659M,582M,21.42%,61.22%,17.96%,37.50%,13.50%,2.71%,11.10%,3.67B,14.66,,250.36M,,,,,3.21M,,,2.77M,,,,,,,,,1.46%,,,,,,1.28%,,,,,,3.01,,39M,0.16,7.91B,132.04,1.59,2.46%
LOW,11334000000.0,,6121000000.0,343000000.0,220000000.0,,311000000.0,535000000.0,16685000000.0,23535000000.0,20000000.0,,408000000.0,-2422000000.0,599000000.0,1049000000.0,5222000000.0,2118000000.0,-6000000.0,23086000000.0,-1913000000.0,1260000000.0,552000000.0,49400000000.0,24849000000.0,20834000000.0,50976000000.0,-1576000000.0,-6000000.0,15331000000.0,,2836000000.0,7587000000.0,2566000000.0,670000000.0,-226000000.0,,1896000000.0,1889000000.0,1896000000.0,2836000000.0,,,4326000000.0,20082000000.0,-270000000.0,22918000000.0,-410000000.0,1286000000.0,,650000000.0,-746000000.0,195000000.0,-209000000.0,481000000.0,-563000000.0,-1000000.0,879000000.0,9000000.0,1957000000.0,1896000000.0,-42000000.0,,-2825000000.0,-1464000000.0,2266000000.0,485000000.0,,,,,,,,,,0.05%,77.27%,,1.66,,,,,4.55M,4.23M,,-2.30,1.19,11.47,"May 03, 2022",14.84B,"Jan 17, 2022","Jan 28, 2021",673.09M,3.2,1.23%,29.58B,"Jul 02, 2006",2:1,5.93B,"Oct 28, 2021",8.18B,8.74B,13.67%,24.24%,8.62%,174.00%,2.70%,16.22%,657.83%,95.22B,133.88,,673.75M,7.87M,,,,,,,,,,7.34M,,1.17%,,,,,,1.17%,,,,,,2.06,,,,,,6.71B,9.95,30.95B,,2.80,1.37%
LUMN,829000000.0,19235000000.0,635000000.0,1031000000.0,,166000000.0,15987000000.0,7160000000.0,103000000.0,26908000000.0,,,1717000000.0,-11964000000.0,2534000000.0,8952000000.0,3479000000.0,11565000000.0,-2577000000.0,20926000000.0,-6506000000.0,2501000000.0,,58308000000.0,11701000000.0,8300000000.0,47125000000.0,11183000000.0,-2577000000.0,2151000000.0,,1103000000.0,2736000000.0,716000000.0,172000000.0,-377000000.0,,544000000.0,544000000.0,544000000.0,1103000000.0,,,686000000.0,3784000000.0,-387000000.0,4887000000.0,-690000000.0,-242000000.0,16000000.0,,-59000000.0,224000000.0,36000000.0,933000000.0,-266000000.0,,,,-140000000.0,544000000.0,-3000000.0,12000000.0,-909000000.0,-1318000000.0,1730000000.0,-654000000.0,,,,,,,,,,0.70%,82.20%,12.2,10.43,10.95,15.45,9.31,,8.54M,14.93M,0.98,10.85,1.41,-0.71,"Mar 17, 2022",8.47B,"Nov 25, 2021","Dec 30, 2020",917.62M,1,8.15%,11.78B,"Mar 31, 1999",3:2,-3.39B,"Sep 29, 2021",-764M,6.58B,20.77%,,-3.83%,48.60%,-5.40%,4.29%,-6.14%,19.96B,18.52,,1.02B,,94.77M,,,,,,,,,,103.8M,,10.64%,,,,,,9.26%,,,,,,8.53,,,,,635M,0.62,30.15B,269.61,1.00,8.77%
LUV,1229000000.0,4251000000.0,12980000000.0,888000000.0,,,970000000.0,295000000.0,511000000.0,11015000000.0,1000000.0,,1479000000.0,8985000000.0,623000000.0,338000000.0,5893000000.0,5376000000.0,267000000.0,16667000000.0,15706000000.0,225000000.0,3024000000.0,37110000000.0,18554000000.0,9135000000.0,26860000000.0,10250000000.0,-10595000000.0,3807000000.0,,-59000000.0,872000000.0,600000000.0,154000000.0,-106000000.0,,446000000.0,446000000.0,446000000.0,-59000000.0,609000000.0,,,4738000000.0,659000000.0,4679000000.0,-138000000.0,-1144000000.0,-23000000.0,,-1390000000.0,99000000.0,-29000000.0,322000000.0,,,-274000000.0,13000000.0,-67000000.0,446000000.0,-103000000.0,,,-157000000.0,-575000000.0,-412000000.0,,,,,,,,,,0.32%,79.06%,47.02,,43.78,63.7,36.75,,7.18M,7.9M,1.12,17.32,2.03,-0.00,"Mar 24, 2020",-1.51B,"Mar 02, 2020","Dec 30, 2020",589.75M,,,-1.88B,"Feb 15, 2001",3:2,-55.25M,"Sep 29, 2021",1M,1.48B,-20.14%,0.00%,0.01%,,161.00%,-4.41%,0.01%,12.75B,21.57,,591.92M,19.81M,,,,,,,,,,16.33M,,3.77%,,,,,,3.35%,,,,,,1.88,,,,,,16B,27.04,12.82B,125.04,0.00,0.00%
LYB,4291000000.0,6044000000.0,1472000000.0,19000000.0,174000000.0,7000000.0,1875000000.0,695000000.0,4901000000.0,11526000000.0,4787000000.0,130000000.0,5212000000.0,9288000000.0,666000000.0,583000000.0,928000000.0,4349000000.0,-1803000000.0,16502000000.0,8563000000.0,9000000.0,9000000.0,36742000000.0,12217000000.0,7230000000.0,24754000000.0,11858000000.0,-2768000000.0,10934000000.0,-5000000.0,1595000000.0,1896000000.0,864000000.0,135000000.0,-155000000.0,130000000.0,724000000.0,722000000.0,729000000.0,1595000000.0,,33000000.0,268000000.0,11235000000.0,-731000000.0,12830000000.0,-674000000.0,-421000000.0,396000000.0,-1000000.0,162000000.0,1563000000.0,,201000000.0,-376000000.0,-37000000.0,24000000.0,,-1843000000.0,724000000.0,-154000000.0,-55000000.0,-385000000.0,-2758000000.0,3079000000.0,-705000000.0,,,,,,,,,,21.67%,70.07%,97.14,4.58,101.32,118.02,84.17,,1.76M,2.35M,1.38,35.37,1.69,17.12,"Mar 13, 2022",8.61B,"Mar 03, 2022","Dec 30, 2021",256.73M,4.52,4.65%,8.78B,,,4.11B,"Dec 30, 2021",5.6B,7.7B,16.01%,26.48%,12.15%,-15.10%,61.60%,12.81%,55.90%,46.17B,138.24,,332.78M,,,4.69M,,,,,,,5.55M,,,,,2.14%,,,,,,1.42%,,,,,,2.15,,,,1.49B,4.54,13.88B,115.80,4.36,4.21%
MAA,103913000.0,7230956000.0,54302000.0,1151000.0,,,,900000.0,,4391863000.0,122227000.0,188730000.0,,5964268000.0,117896000.0,110796000.0,252487000.0,30185000.0,-1266939000.0,10879061000.0,,124827000.0,,11285182000.0,165098000.0,681870000.0,5131275000.0,5965168000.0,-1266939000.0,182308000.0,,131651000.0,281267000.0,198706000.0,7790000.0,-39108000.0,188730000.0,185641000.0,184539000.0,190916000.0,131651000.0,,,14121000.0,331924000.0,67055000.0,463575000.0,,89077000.0,,,0.0,-113047000.0,6876000.0,135737000.0,-118939000.0,,-2684000.0,,-25336000.0,185641000.0,566000.0,,,-143709000.0,216717000.0,16069000.0,,,,,,,,,,0.64%,94.36%,,3.15,,,,,756.62k,692.64k,,51.22,0.24,3.73,"Apr 28, 2022",999.28M,"Jan 12, 2022","Dec 30, 2021",114.57M,4.35,2.03%,1.05B,,,745.46M,"Dec 30, 2021",529.56M,894.97M,26.14%,88.94%,30.02%,122.70%,9.40%,2.58%,9.00%,1.78B,15.50,,115.14M,,,2.26M,,,,,,,2.55M,,,,,2.66%,,,,,,1.96%,,,,,,3.32,,,,54.3M,0.47,4.55B,73.89,4.07,1.97%
MAS,1037000000.0,,854000000.0,243000000.0,,,617000000.0,395000000.0,1107000000.0,2950000000.0,,252000000.0,1330000000.0,-1138000000.0,121000000.0,,,485000000.0,226000000.0,1058000000.0,-595000000.0,10000000.0,,5595000000.0,3404000000.0,1879000000.0,5469000000.0,-126000000.0,226000000.0,1451000000.0,,381000000.0,753000000.0,342000000.0,103000000.0,-26000000.0,252000000.0,220000000.0,219000000.0,239000000.0,381000000.0,,,372000000.0,1823000000.0,-39000000.0,2204000000.0,-29000000.0,85000000.0,19000000.0,-90000000.0,133000000.0,38000000.0,,36000000.0,-58000000.0,-6000000.0,2000000.0,,,220000000.0,,4000000.0,-128000000.0,-186000000.0,356000000.0,-79000000.0,,,,,,,,,,0.57%,95.05%,60.64,1.12,54.88,71.06,49.36,,2.08M,2.46M,1.34,-0.52,1.81,1.82,"Mar 13, 2022",1.2B,"Nov 09, 2021","Dec 30, 2020",242.63M,0.94,1.34%,2.59B,"Jun 30, 2015",1138:1000,312.38M,"Sep 29, 2021",462M,975M,12.83%,41.67%,5.76%,-20.00%,11.10%,11.79%,233.83%,8.21B,32.40,,244.09M,7.24M,,,,,,,,,,6.42M,,3.38%,,,,,,2.97%,,,,,,4.49,,,,,,854M,3.5,3.12B,2472.22,0.85,1.70%
MCD,1006800000.0,8231600000.0,4709200000.0,16600000.0,2357000000.0,,2782500000.0,795000000.0,55600000.0,35626800000.0,1209800000.0,,2204400000.0,-8178500000.0,3645900000.0,52400000.0,364000000.0,5787600000.0,-2573700000.0,38272600000.0,57534700000.0,,,53854300000.0,7148500000.0,4020000000.0,58455300000.0,-4601000000.0,-70383900000.0,2748100000.0,,2419500000.0,3261000000.0,2107800000.0,469000000.0,-295600000.0,,1638800000.0,1638800000.0,1638800000.0,2419500000.0,-400000.0,,755400000.0,3589600000.0,-311700000.0,6009100000.0,-687200000.0,403400000.0,309900000.0,-62200000.0,225000000.0,-42900000.0,418800000.0,481600000.0,-1029100000.0,-42400000.0,,87100000.0,661300000.0,1638800000.0,-14000000.0,-240600000.0,-803300000.0,-1098000000.0,2666500000.0,-1122700000.0,,,,,,,,,,0.05%,69.71%,246.91,2.34,244.82,271.15,217.68,,2.58M,3.43M,0.61,-7.59,1.78,9.70,"Mar 14, 2022",11.74B,"Feb 27, 2022","Dec 30, 2021",742.98M,5.52,2.46%,12.58B,"Mar 07, 1999",2:1,5.83B,"Dec 30, 2021",7.55B,9.14B,42.52%,52.29%,32.49%,19.00%,13.10%,11.59%,,23.22B,31.12,,747.24M,,,5.24M,,,,,,,5.49M,,,,,0.70%,,,,,,0.70%,,,,,,1.69,,,,4.71B,6.33,49.35B,,5.16,2.07%
MCHP,301300000.0,2500600000.0,313500000.0,600000.0,1721500000.0,,6673600000.0,4256300000.0,768200000.0,7868500000.0,,,930100000.0,-5126600000.0,1986900000.0,186700000.0,80100000.0,1156700000.0,-23300000.0,929900000.0,3878100000.0,,2000000.0,16047200000.0,2200500000.0,1218700000.0,10243900000.0,5803300000.0,-576000000.0,604200000.0,,514100000.0,1153300000.0,441500000.0,88700000.0,-62100000.0,,352800000.0,352800000.0,352800000.0,514100000.0,,245400000.0,178100000.0,1243400000.0,-72600000.0,1757500000.0,-90700000.0,60200000.0,55500000.0,-55200000.0,70500000.0,78700000.0,-8800000.0,300600000.0,-128700000.0,,,13700000.0,-362900000.0,352800000.0,-5200000.0,-35600000.0,-183800000.0,-666900000.0,853400000.0,-126300000.0,,,,,,,,,,2.00%,91.01%,76.64,1.51,72.03,90.0,64.26,,4.54M,5.42M,1.55,10.28,1.81,1.14,"Mar 07, 2022",2.76B,"Feb 17, 2022","Mar 30, 2021",544.85M,1.01,1.42%,3.38B,"May 08, 2002",3:2,2.04B,"Dec 30, 2021",963.6M,2.54B,25.15%,49.97%,14.95%,874.60%,30.00%,6.21%,17.36%,6.44B,11.74,,554.87M,,,,,9.02M,,,11.77M,,,,,,,,,1.86%,,,,,,1.62%,,,,,,2.04,,315.5M,0.57,7.9B,136.19,0.80,1.23%
MCO,30000000.0,832000000.0,2239000000.0,3000000.0,363000000.0,137000000.0,5898000000.0,2510000000.0,,6983000000.0,239000000.0,189000000.0,1589000000.0,-5978000000.0,760000000.0,144000000.0,1530000000.0,1549000000.0,-462000000.0,752000000.0,12451000000.0,507000000.0,104000000.0,14414000000.0,4255000000.0,2793000000.0,11795000000.0,2430000000.0,-10856000000.0,394000000.0,,698000000.0,1132000000.0,619000000.0,145000000.0,-52000000.0,189000000.0,474000000.0,474000000.0,474000000.0,698000000.0,,,373000000.0,828000000.0,-79000000.0,1526000000.0,-33000000.0,-570000000.0,-108000000.0,,38000000.0,-97000000.0,72000000.0,61000000.0,-115000000.0,-23000000.0,-11000000.0,7000000.0,1178000000.0,474000000.0,-15000000.0,22000000.0,-128000000.0,927000000.0,436000000.0,-1910000000.0,,,,,,,,,,0.25%,93.35%,365.16,0.93,328.99,407.94,299.69,,777.58k,1.01M,1.18,13.07,1.52,11.16,"Mar 17, 2022",3.08B,"Nov 21, 2021","Dec 30, 2020",185.35M,2.48,0.64%,3.9B,"May 18, 2005",2:1,2.33B,"Sep 29, 2021",2.1B,2.36B,47.66%,21.67%,35.20%,1.50%,12.50%,13.63%,97.45%,5.97B,31.94,,185.9M,1.92M,,,,,,,,,,2.2M,,1.19%,,,,,,1.03%,,,,,,2.79,,,,,,2.34B,12.6,8.06B,307.86,2.42,0.73%
MDT,1917000000.0,26059000000.0,2900000000.0,,3203000000.0,,41612000000.0,16523000000.0,4349000000.0,25548000000.0,814000000.0,168000000.0,5493000000.0,-6144000000.0,4888000000.0,2220000000.0,999000000.0,6187000000.0,-3042000000.0,5188000000.0,28974000000.0,,7769000000.0,91756000000.0,22731000000.0,7803000000.0,39597000000.0,51991000000.0,-3042000000.0,2466000000.0,,1637000000.0,5381000000.0,1493000000.0,176000000.0,-136000000.0,168000000.0,1311000000.0,1311000000.0,1317000000.0,1637000000.0,77000000.0,676000000.0,2560000000.0,6210000000.0,-144000000.0,7847000000.0,-271000000.0,-104000000.0,-131000000.0,-81000000.0,-30000000.0,112000000.0,-88000000.0,676000000.0,-847000000.0,-9000000.0,-344000000.0,163000000.0,,1311000000.0,-42000000.0,-3000000.0,-429000000.0,-1155000000.0,1769000000.0,-709000000.0,,,,,,,,,,0.23%,82.77%,,2.08,,,,,5.21M,6.63M,,38.66,2.91,3.47,"Apr 21, 2022",9.6B,"Dec 20, 2021","Apr 29, 2021",1.34B,2.52,2.37%,19.76B,"Sep 26, 1999",2:1,5.07B,"Oct 28, 2021",4.7B,7.16B,21.66%,69.74%,14.79%,168.10%,2.60%,4.59%,9.23%,31.8B,23.63,,1.34B,9.78M,,,,,,,,,,9.84M,,0.73%,,,,,,0.73%,,,,,,1.28,,,,,,10.67B,7.93,25.62B,49.12,2.42,2.19%
MGM,263097000.0,1750135000.0,4703059000.0,4538000.0,,,3480997000.0,3616385000.0,96374000.0,11809797000.0,923816000.0,5053668000.0,857777000.0,-1026737000.0,533438000.0,500000000.0,1066078000.0,2644718000.0,-24616000.0,25928298000.0,4340588000.0,1014071000.0,,40899116000.0,6416182000.0,3442264000.0,29774803000.0,6070645000.0,-24616000.0,1556671000.0,,308316000.0,1491903000.0,147239000.0,31152000.0,-195477000.0,5053668000.0,131013000.0,106734000.0,116087000.0,308316000.0,,,883104000.0,2740258000.0,-161077000.0,3048574000.0,-168558000.0,-367774000.0,-68560000.0,-2203000.0,60504000.0,118044000.0,15547000.0,297031000.0,-1151000.0,-448000.0,-106995000.0,,146270000.0,131013000.0,-138472000.0,45768000.0,-727315000.0,-720668000.0,486718000.0,-133376000.0,,,,,,,,,,17.46%,72.08%,42.77,1.23,42.42,51.17,35.72,,4.21M,5.29M,2.35,14.54,1.86,1.25,"Mar 14, 2022",1.71B,"Mar 08, 2022","Dec 30, 2021",341.51M,0.01,0.02%,4.65B,"May 18, 2005",2:1,373.57M,"Dec 30, 2021",1.18B,1.37B,5.96%,0.41%,13.27%,,118.50%,0.91%,10.80%,9.45B,19.62,,468.96M,,,13.02M,,,,,,,9.95M,,,,,3.56%,,,,,,2.90%,,,,,,2.22,,,,4.7B,10.71,24.82B,223.13,0.01,0.03%
MMC,3086000000.0,1112000000.0,1752000000.0,561000000.0,551000000.0,314000000.0,16317000000.0,3285000000.0,,10933000000.0,468000000.0,213000000.0,5871000000.0,-8593000000.0,3339000000.0,641000000.0,277000000.0,3699000000.0,-4575000000.0,2715000000.0,18389000000.0,17000000.0,,34388000000.0,8264000000.0,6654000000.0,23166000000.0,11009000000.0,-9053000000.0,2810000000.0,,1154000000.0,2327000000.0,961000000.0,154000000.0,-109000000.0,213000000.0,803000000.0,803000000.0,807000000.0,1154000000.0,1173000000.0,,,3983000000.0,-193000000.0,5137000000.0,-138000000.0,1391000000.0,84000000.0,,291000000.0,-460000000.0,356000000.0,505000000.0,-264000000.0,-225000000.0,11000000.0,46000000.0,239000000.0,803000000.0,1155000000.0,10000000.0,-427000000.0,749000000.0,1442000000.0,-575000000.0,,,,,,,,,,0.12%,91.26%,,1.65,,,,,2M,2.25M,,19.26,1.24,5.29,"May 12, 2022",5.5B,"Jan 25, 2022","Dec 30, 2021",500.85M,2.07,1.36%,8.71B,"Jun 30, 2002",2:1,3.87B,"Dec 30, 2021",3.14B,3.52B,23.98%,32.63%,15.86%,114.70%,16.30%,8.81%,30.99%,19.82B,39.09,,504.9M,,,4.55M,,,,,,,3.68M,,,,,0.91%,,,,,,0.91%,,,,,,1.74,,,,1.75B,3.48,13.16B,117.29,2.00,1.19%
MPWR,72092000.0,,226091000.0,769858000.0,17726000.0,,6571000.0,,208062000.0,,5716000.0,,83953000.0,1156142000.0,72768000.0,19803000.0,69122000.0,102170000.0,11662000.0,346352000.0,381193000.0,,515947000.0,1495901000.0,1064494000.0,227663000.0,333188000.0,1162713000.0,11662000.0,137211000.0,,80552000.0,186311000.0,77924000.0,9154000.0,,,68770000.0,68770000.0,68770000.0,80552000.0,,49468000.0,56291000.0,242970000.0,-2628000.0,323522000.0,-18581000.0,5879000.0,-2314000.0,-30731000.0,17241000.0,33262000.0,21398000.0,7727000.0,-28503000.0,-184000.0,-67325000.0,4604000.0,,68770000.0,-909000.0,-231000.0,,-24808000.0,117801000.0,-86930000.0,,,,,,,,,,2.18%,96.12%,467.23,0.76,439.64,580.0,301.53,,521.08k,523.82k,0.91,25.23,4.68,4.46,"Apr 14, 2022",257.77M,"Dec 29, 2021","Dec 30, 2020",43.33M,2.4,0.49%,465.95M,,,210.37M,"Sep 29, 2021",212.24M,371.45M,21.01%,51.57%,19.22%,23.80%,24.70%,10.91%,20.43%,1.1B,24.22,,46.09M,881.39k,,,,,,,,,,842.64k,,2.59%,,,,,,1.91%,,,,,,2.58,,,,,,742.04M,16.1,5.78M,0.50,2.30,0.57%
MRK,4248000000.0,44149000000.0,10016000000.0,1788000000.0,,,18862000000.0,13384000000.0,5603000000.0,22907000000.0,1013000000.0,69000000.0,10581000000.0,3548000000.0,10612000000.0,4832000000.0,4341000000.0,10996000000.0,-4590000000.0,18565000000.0,51691000000.0,,,93494000000.0,31058000000.0,23728000000.0,57631000000.0,35794000000.0,-61834000000.0,3402000000.0,,5123000000.0,9752000000.0,5266000000.0,695000000.0,-196000000.0,69000000.0,4567000000.0,4567000000.0,4571000000.0,5123000000.0,,2338000000.0,2291000000.0,8031000000.0,143000000.0,13154000000.0,,,,,0.0,,,,,,,,,4567000000.0,,,,,,,,,,,,,,,,0.07%,74.63%,,2.97,,,,,13.14M,12.33M,,14.17,1.31,2.83,"Apr 06, 2022",21.06B,"Dec 13, 2021","Dec 30, 2020",2.52B,2.76,3.59%,34.57B,"Jun 02, 2021",1048:1000,9.87B,"Sep 29, 2021",8.46B,13.08B,33.82%,78.08%,13.68%,55.30%,20.40%,12.13%,26.04%,52.61B,20.79,,2.53B,21.29M,,,,,,,,,,22.18M,,0.84%,,,,,,0.84%,,,,,,1.38,,,,,,10.04B,3.98,26.44B,73.73,2.56,2.99%
MRNA,87000000.0,5003000000.0,5550000000.0,,81000000.0,,,,965000000.0,,6442000000.0,,3199000000.0,10124000000.0,96000000.0,250000000.0,8554000000.0,499000000.0,31000000.0,960000000.0,5090000000.0,,3356000000.0,20923000000.0,13425000000.0,9957000000.0,10799000000.0,10124000000.0,31000000.0,1243000000.0,,3558000000.0,3726000000.0,3552000000.0,219000000.0,-4000000.0,,3333000000.0,3333000000.0,3333000000.0,3558000000.0,,,168000000.0,1411000000.0,-6000000.0,4969000000.0,-99000000.0,-53000000.0,-1122000000.0,-322000000.0,980000000.0,43000000.0,-271000000.0,70000000.0,,,-3228000000.0,32000000.0,-34000000.0,3333000000.0,,,,-2000000.0,3276000000.0,-3327000000.0,,,,,,,,,,9.49%,61.16%,,,,,,,5.74M,7.95M,,25.00,1.35,16.69,,7.77B,,"Dec 30, 2020",367.47M,,,-574.88M,,,8.94B,"Sep 29, 2021",7.06B,11.57B,64.33%,0.00%,59.68%,,"3,065.00%",37.20%,109.61%,11.83B,29.52,,405.45M,15.36M,,,,,,,,,,14.57M,,5.16%,,,,,,3.79%,,,,,,1.13,,,,,,8.91B,21.97,583M,5.76,,
MRO,1028000000.0,7213000000.0,485000000.0,937000000.0,,,,,77000000.0,3983000000.0,559000000.0,,1068000000.0,10796000000.0,104000000.0,25000000.0,496000000.0,642000000.0,82000000.0,14843000000.0,6669000000.0,39000000.0,,17161000000.0,1655000000.0,1676000000.0,6365000000.0,10796000000.0,-4023000000.0,350000000.0,,254000000.0,1089000000.0,188000000.0,4000000.0,-57000000.0,,184000000.0,184000000.0,184000000.0,254000000.0,167000000.0,,70000000.0,1185000000.0,-66000000.0,1439000000.0,-289000000.0,-485000000.0,-60000000.0,1000000.0,107000000.0,8000000.0,-7000000.0,583000000.0,-39000000.0,,9000000.0,,-900000000.0,184000000.0,-96000000.0,1000000.0,-1000000.0,-1036000000.0,816000000.0,-265000000.0,,,,,,,,,,0.25%,75.46%,,1.58,,,,,16.91M,21.96M,,13.68,0.99,-0.05,"Mar 09, 2022",2.49B,"Nov 15, 2021","Dec 30, 2020",722.33M,0.24,1.36%,1.97B,"Jun 30, 2011",10000:5965,1.55B,"Sep 29, 2021",-41M,2.51B,3.84%,,-0.87%,,88.40%,0.63%,-0.38%,4.71B,5.95,,778.54M,23.34M,,,,,,,,,,22.73M,,3.37%,,,,,,3.00%,,,,,,1.38,,,,,,485M,0.62,4.14B,38.30,0.18,0.69%
MTD,219294000.0,820272000.0,183672000.0,448000.0,39272000.0,,639184000.0,288593000.0,381457000.0,1639583000.0,,,603364000.0,-768606000.0,249347000.0,77731000.0,328666000.0,406846000.0,-297852000.0,783813000.0,5631965000.0,54425000.0,,3207161000.0,1246224000.0,1001561000.0,3047990000.0,159171000.0,-6293514000.0,396130000.0,,259276000.0,555820000.0,247587000.0,43899000.0,-11791000.0,,203688000.0,203688000.0,203688000.0,259276000.0,,42276000.0,238229000.0,692674000.0,-11689000.0,951950000.0,-22433000.0,41420000.0,-9602000.0,-34774000.0,10125000.0,6088000.0,51688000.0,17018000.0,,-1014000.0,,7081000.0,50301000.0,203688000.0,-576000.0,4955000.0,-252499000.0,-195693000.0,263307000.0,-25180000.0,,,,,,,,,,1.56%,95.96%,1480.27,,1394.47,1714.75,1225.56,,146.79k,128.69k,1.03,6.93,1.24,31.90,,1.05B,,"Dec 30, 2020",22.62M,,,1.8B,"Jun 24, 1996",1:2,675.81M,"Sep 29, 2021",754.41M,918.59M,27.12%,0.00%,20.85%,25.90%,17.90%,20.54%,250.54%,3.62B,155.22,,22.99M,326.13k,,,,,,,,,,393.5k,,1.66%,,,,,,1.42%,,,,,,3.25,,,,,,183.67M,7.99,1.69B,1064.27,,
NCLH,94951000.0,6371545000.0,1934816000.0,370000.0,,,98134000.0,500525000.0,108177000.0,11862659000.0,,,990384000.0,2284580000.0,580744000.0,33954000.0,1531248000.0,380103000.0,-264991000.0,14269423000.0,-3223685000.0,540459000.0,,18730027000.0,3281201000.0,2939848000.0,15846788000.0,2883239000.0,-264991000.0,439756000.0,,-689106000.0,-286675000.0,-845591000.0,294000.0,-157643000.0,,-845885000.0,-845885000.0,-845885000.0,-689106000.0,,,229142000.0,842187000.0,-156485000.0,153081000.0,-230049000.0,-815324000.0,-571770000.0,-16720000.0,266795000.0,36510000.0,272247000.0,188527000.0,,,,2052000.0,112404000.0,-845885000.0,-31714000.0,2293000.0,-14000.0,82728000.0,-670296000.0,-227756000.0,,,,,,,,,,0.44%,49.90%,23.18,,20.12,33.95,14.9,,17.6M,22.72M,2.7,7.79,1.12,-10.77,,-1.68B,,"Dec 30, 2020",368.39M,,,-413.15M,,,-2.18B,"Sep 29, 2021",-3.67B,-2.79B,"-1,418.18%",0.00%,0.00%,,"2,248.60%",-8.35%,-105.37%,170.13M,0.50,,416.89M,35.68M,,,,,,,,,,49.82M,,9.32%,,,,,,8.56%,,,,,,1.22,,,,,,1.93B,5.23,13.11B,454.66,,
NDAQ,166000000.0,1983000000.0,303000000.0,2000000.0,,,8510000000.0,2885000000.0,,5447000000.0,475000000.0,10000000.0,552000000.0,-5050000000.0,153000000.0,4622000000.0,4672000000.0,602000000.0,-1511000000.0,878000000.0,6296000000.0,,,18397000000.0,5496000000.0,5595000000.0,12042000000.0,6345000000.0,-1936000000.0,519000000.0,,377000000.0,838000000.0,371000000.0,83000000.0,-33000000.0,10000000.0,288000000.0,288000000.0,288000000.0,377000000.0,,,394000000.0,980000000.0,-6000000.0,1357000000.0,-32000000.0,-98000000.0,8000000.0,,-52000000.0,88000000.0,-167000000.0,66000000.0,-91000000.0,-4000000.0,44000000.0,,281000000.0,288000000.0,-34000000.0,-17000000.0,-477000000.0,-321000000.0,232000000.0,-5000000.0,,,,,,,,,,18.25%,75.43%,,1.65,,,,,678.28k,907.67k,,37.95,0.98,6.87,"Mar 24, 2022",1.83B,"Dec 01, 2021","Dec 30, 2020",117.21M,2.16,1.09%,2.9B,,,1.06B,"Sep 29, 2021",1.15B,1.13B,26.84%,29.99%,19.60%,9.10%,-4.00%,5.94%,18.64%,5.88B,35.60,,167.22M,2.34M,,,,,,,,,,2.42M,,1.99%,,,,,,1.40%,,,,,,3.32,,,,,,322M,1.93,6.37B,100.19,2.06,1.14%
NFLX,643059000.0,,7526681000.0,3852531000.0,325000000.0,,,13111028000.0,,14793691000.0,,,782350000.0,2203589000.0,16743470000.0,801665000.0,5293594000.0,2359987000.0,-19835000.0,3469572000.0,12081943000.0,699473000.0,,42739857000.0,9415787000.0,8049246000.0,27425240000.0,15314617000.0,-619857000.0,4206589000.0,,1755253000.0,3276878000.0,1660959000.0,211888000.0,-190429000.0,,1449071000.0,1449071000.0,1449071000.0,1755253000.0,,563887000.0,957738000.0,5728214000.0,-94294000.0,7483467000.0,-167327000.0,-251650000.0,,,20104000.0,-4583715000.0,163615000.0,70253000.0,,-63843000.0,,18445000.0,,1449071000.0,,-21304000.0,-100000000.0,-81555000.0,82379000.0,-188631000.0,,,,,,,,,,1.50%,83.05%,527.69,,375.67,700.99,329.82,,4.44M,8.26M,0.85,34.57,1.17,11.09,,6.69B,,"Dec 30, 2020",436.93M,,,9.72B,"Jul 14, 2015",7:1,14.54B,"Sep 29, 2021",5.05B,658.21M,22.76%,0.00%,17.64%,83.40%,16.30%,10.01%,39.39%,28.63B,64.66,,442.95M,8.52M,,,,,,,,,,9.29M,,1.96%,,,,,,1.92%,,,,,,2.92,,,,,,7.53B,16.99,18.01B,117.58,,
NLOK,83000000.0,,1771000000.0,1940000000.0,335000000.0,,2876000000.0,1054000000.0,,2757000000.0,176000000.0,,202000000.0,-4028000000.0,467000000.0,74000000.0,1429000000.0,1250000000.0,22000000.0,143000000.0,-2060000000.0,1086000000.0,10000000.0,6873000000.0,2157000000.0,2883000000.0,6971000000.0,-98000000.0,22000000.0,105000000.0,,314000000.0,597000000.0,261000000.0,59000000.0,-32000000.0,,202000000.0,202000000.0,202000000.0,314000000.0,,60000000.0,202000000.0,388000000.0,-53000000.0,702000000.0,-2000000.0,245000000.0,-7000000.0,,50000000.0,2000000.0,16000000.0,26000000.0,-73000000.0,-5000000.0,5000000.0,,-9000000.0,202000000.0,,-1000000.0,-1000000.0,-83000000.0,330000000.0,3000000.0,,,,,,,,,,0.40%,99.06%,,1.61,,,,,3.11M,5.83M,,-0.40,0.75,1.50,"Mar 15, 2022",1.31B,"Feb 17, 2022","Apr 01, 2021",579.76M,0.5,1.76%,2.19B,"Nov 30, 2004",2:1,1.32B,"Dec 30, 2021",924M,1B,43.97%,32.05%,33.07%,13.50%,9.90%,11.43%,,2.75B,4.73,,581.76M,,,35.84M,,,,,,,26.06M,,,,,8.19%,,,,,,6.16%,,,,,,6.4,,,,1.78B,3.06,3.94B,,0.50,1.89%
NRG,1967000000.0,8525000000.0,259000000.0,4000000.0,1994000000.0,,1801000000.0,2915000000.0,445000000.0,7944000000.0,175000000.0,,2960000000.0,-638000000.0,6233000000.0,10498000000.0,7794000000.0,3664000000.0,-192000000.0,2269000000.0,971000000.0,504000000.0,,27965000000.0,14572000000.0,12009000000.0,23887000000.0,4078000000.0,-5422000000.0,3692000000.0,,2336000000.0,2917000000.0,2163000000.0,545000000.0,-122000000.0,,1618000000.0,1618000000.0,1618000000.0,2336000000.0,,,318000000.0,4273000000.0,-173000000.0,6609000000.0,-76000000.0,1112000000.0,,,0.0,-65000000.0,-308000000.0,223000000.0,-80000000.0,-3000000.0,,,-331000000.0,1618000000.0,141000000.0,-9000000.0,,-270000000.0,1478000000.0,-93000000.0,,,,,,,,,,0.94%,98.45%,40.2,1.38,38.33,46.1,31.94,,2.13M,2.78M,0.84,16.66,1.21,9.98,"Feb 14, 2022",5.11B,"Oct 28, 2021","Dec 30, 2020",242.82M,1.3,3.05%,2.55B,"May 31, 2007",2:1,615.88M,"Sep 29, 2021",2.44B,2.31B,19.24%,12.79%,11.11%,549.80%,135.30%,13.15%,81.20%,21.97B,89.95,,244.84M,10.89M,,,,,,,,,,11.03M,,5.09%,,,,,,4.45%,,,,,,4.76,,,,,,259M,1.06,8.8B,215.72,1.30,3.34%
NSC,1196000000.0,2224000000.0,1465000000.0,244000000.0,,,,,235000000.0,13808000000.0,3684000000.0,,945000000.0,13887000000.0,769000000.0,77000000.0,641000000.0,8499000000.0,-571000000.0,31429000000.0,11990000000.0,558000000.0,,38604000000.0,2722000000.0,2410000000.0,24717000000.0,13887000000.0,-571000000.0,1393000000.0,,1162000000.0,1459000000.0,986000000.0,233000000.0,-164000000.0,,753000000.0,752000000.0,753000000.0,1162000000.0,,,,1690000000.0,-176000000.0,2852000000.0,-398000000.0,-205000000.0,-6000000.0,11000000.0,0.0,10000000.0,151000000.0,297000000.0,-268000000.0,,11000000.0,2000000.0,98000000.0,753000000.0,,,-935000000.0,-1103000000.0,1216000000.0,-318000000.0,,,,,,,,,,0.11%,75.50%,269.86,1.78,269.52,299.2,238.62,,1.59M,1.48M,1.36,57.07,1.13,11.62,"Feb 20, 2022",5.57B,"Nov 03, 2021","Dec 30, 2020",242.98M,4.36,1.47%,4.63B,"Oct 09, 1997",3:1,2B,"Sep 29, 2021",2.91B,4.18B,40.51%,34.51%,26.84%,32.30%,13.80%,7.16%,20.23%,10.86B,43.50,,243.34M,3.6M,,,,,,,,,,3.34M,,1.48%,,,,,,1.48%,,,,,,2.89,,,,,,1.46B,6.02,14.37B,103.45,4.01,1.55%
NVDA,1664000000.0,10465000000.0,1288000000.0,3000000.0,970000000.0,,4302000000.0,2454000000.0,2233000000.0,10944000000.0,308000000.0,,3954000000.0,17042000000.0,4423000000.0,,1446000000.0,1535000000.0,9000000.0,3339000000.0,25359000000.0,,18010000000.0,40632000000.0,25806000000.0,3612000000.0,16834000000.0,23798000000.0,-12029000000.0,2472000000.0,,2671000000.0,4631000000.0,2638000000.0,174000000.0,-62000000.0,,2464000000.0,2464000000.0,2464000000.0,2671000000.0,,1403000000.0,557000000.0,4432000000.0,-33000000.0,7103000000.0,-222000000.0,-4340000000.0,-366000000.0,-118000000.0,195000000.0,528000000.0,-1482000000.0,298000000.0,-100000000.0,,-4014000000.0,149000000.0,-1008000000.0,2464000000.0,-22000000.0,,-439000000.0,-1420000000.0,1519000000.0,-4439000000.0,,,,,,,,,,4.08%,66.83%,,0.25,,,,,54.59M,54.57M,,9.51,7.14,3.24,"Mar 23, 2022",9.76B,"Nov 30, 2021","Jan 30, 2021",2.4B,0.16,0.05%,10.56B,"Jul 19, 2021",4:1,5.94B,"Oct 30, 2021",8.21B,8.14B,35.45%,4.93%,33.81%,84.40%,50.30%,15.93%,41.94%,24.27B,9.75,,2.49B,23.37M,,,,,,,,,,24.15M,,0.97%,,,,,,0.94%,,,,,,0.44,,,,,,19.3B,7.72,11.83B,49.70,0.16,0.07%
NWSA,351000000.0,11948000000.0,2184000000.0,6000000.0,295000000.0,,4557000000.0,2082000000.0,248000000.0,1968000000.0,505000000.0,964000000.0,1665000000.0,1744000000.0,1680000000.0,502000000.0,1462000000.0,937000000.0,-1089000000.0,3097000000.0,-2482000000.0,302000000.0,,16520000000.0,4599000000.0,3233000000.0,7173000000.0,8383000000.0,-1089000000.0,1279000000.0,,418000000.0,1438000000.0,361000000.0,99000000.0,-21000000.0,964000000.0,235000000.0,235000000.0,262000000.0,418000000.0,,,852000000.0,2299000000.0,-57000000.0,2717000000.0,-107000000.0,84000000.0,-231000000.0,65000000.0,-2000000.0,127000000.0,,168000000.0,-86000000.0,-11000000.0,-30000000.0,,,235000000.0,16000000.0,4000000.0,-43000000.0,-113000000.0,362000000.0,-154000000.0,,,,,,,,,,0.87%,98.93%,,1.35,,,,,2.13M,2.95M,,13.85,1.42,0.83,"Apr 12, 2022",1.27B,"Mar 14, 2022","Jun 29, 2021",510.12M,0.2,0.93%,4.58B,,,889.37M,"Dec 30, 2021",496M,1.18B,8.31%,24.10%,4.94%,1.70%,12.60%,3.30%,6.62%,10.05B,16.99,,392.83M,,,,,5.76M,,,5.09M,,,,,,,,,1.49%,,,,,,0.98%,,,,,,2.02,,2.18B,3.69,3.3B,35.36,0.20,0.95%
OGN,,,,,,,,,,,,,,-6904000000.0,,,,,,,,,,,,,,-1618000000.0,,582000000.0,,387000000.0,1022000000.0,236000000.0,34000000.0,-98000000.0,,202000000.0,202000000.0,202000000.0,387000000.0,,180000000.0,455000000.0,1217000000.0,-151000000.0,1604000000.0,,,,,0.0,,,,,,,,,202000000.0,,,,,,,,,,,,,,,,0.02%,72.44%,33.03,,35.47,39.47,27.25,,1.77M,2.28M,,-6.38,,5.97,"Mar 16, 2022",2.21B,"Feb 24, 2022","Dec 30, 2021",253.41M,1.12,2.98%,3.97B,,,,"Dec 30, 2021",1.35B,,32.28%,10.55%,21.43%,-45.10%,-0.60%,,69.86%,6.3B,24.86,,253.55M,,,4.94M,,,,,,,3.59M,,,,,,,,,,,1.95%,,,,,,2.65,,,,1.01B,3.98,9.59B,,0.28,0.80%
ORCL,1034000000.0,,17938000000.0,25591000000.0,13265000000.0,,43842000000.0,1881000000.0,,73433000000.0,,443000000.0,4462000000.0,-55824000000.0,22067000000.0,,11346000000.0,24241000000.0,-1616000000.0,8029000000.0,-34076000000.0,4998000000.0,4900000000.0,106897000000.0,31078000000.0,18881000000.0,116555000000.0,-10101000000.0,-1616000000.0,2159000000.0,,3911000000.0,8201000000.0,-1496000000.0,-249000000.0,-679000000.0,443000000.0,-1247000000.0,-1247000000.0,-1247000000.0,3911000000.0,-36000000.0,1754000000.0,2273000000.0,6449000000.0,-5407000000.0,10360000000.0,-925000000.0,-5121000000.0,-63000000.0,,-2222000000.0,-273000000.0,-7000000.0,634000000.0,-861000000.0,-116000000.0,11655000000.0,157000000.0,-4250000000.0,-1247000000.0,-23000000.0,,-7076000000.0,-12053000000.0,-3682000000.0,10730000000.0,,,,,,,,,,41.91%,42.50%,87.48,1.54,79.45,106.34,70.23,,6.02M,9.06M,0.81,-3.78,1.65,3.54,"Apr 20, 2022",18.41B,"Jan 05, 2022","May 30, 2021",1.52B,1.28,1.67%,32.62B,"Oct 12, 2000",2:1,9.68B,"Nov 29, 2021",10.26B,10.25B,38.56%,34.78%,24.79%,,5.70%,9.20%,,41.4B,14.75,,2.67B,,,18.56M,,,,,,,18.97M,,,,,1.22%,,,,,,0.69%,,,,,,2.04,,,,22.84B,8.55,78.43B,,1.20,1.51%
PARA,,,,,,,,,,,,,,,,,,,,,,,,,,,,,,,,,,,,,,,,,,,,,,,,,,,,,,,,,,,,,,,,,,,,,,,,,,,,,,,36.44,,34.69,47.46,27.25,,7.26M,13.44M,,,,,"Jun 30, 2022",,,,,,,,,,,,,,,,,,,,,,,,,,,,,,,,,,,,,,,,,,,,,,,,,,,,,,,,,,,,
PEP,20060000000.0,3924000000.0,6506000000.0,23000000.0,4357000000.0,,18531000000.0,18875000000.0,4364000000.0,37023000000.0,2791000000.0,118000000.0,9545000000.0,-21534000000.0,8090000000.0,1893000000.0,783000000.0,15164000000.0,-15125000000.0,21257000000.0,65336000000.0,,344000000.0,93254000000.0,23710000000.0,25077000000.0,77264000000.0,15872000000.0,-53411000000.0,9385000000.0,,3340000000.0,10804000000.0,3045000000.0,802000000.0,-232000000.0,118000000.0,2224000000.0,2224000000.0,2243000000.0,3340000000.0,,,7464000000.0,16849000000.0,-295000000.0,20189000000.0,-971000000.0,1061000000.0,-202000000.0,231000000.0,1213000000.0,55000000.0,-6000000.0,650000000.0,-1486000000.0,-42000000.0,2000000.0,46000000.0,-828000000.0,2224000000.0,,5000000.0,-9000000.0,-2277000000.0,4294000000.0,-914000000.0,,,,,,,,,,0.14%,73.46%,,2.85,,,,,4.17M,5.64M,,11.48,0.94,5.87,"Mar 30, 2022",13.89B,"Dec 01, 2021","Dec 25, 2020",1.38B,4.3,2.48%,38.64B,"May 28, 1996",2:1,4.29B,"Sep 03, 2021",8.14B,11.12B,15.43%,71.47%,10.62%,-2.90%,11.60%,7.98%,55.41%,76.68B,55.55,,1.38B,12.13M,,,,,,,,,,11.84M,,0.88%,,,,,,0.88%,,,,,,2.62,,,,,,6.85B,4.95,41.26B,258.02,4.20,2.42%
PFG,2626800000.0,10436500000.0,3145400000.0,4800000.0,,187200000.0,1648400000.0,5326300000.0,,4279700000.0,83376000000.0,401800000.0,2336300000.0,12792900000.0,200541300000.0,821000000.0,167400000.0,275203900000.0,1619200000.0,1065400000.0,12583900000.0,83800000.0,,298908400000.0,6951000000.0,2952300000.0,282435900000.0,16070700000.0,-6954500000.0,1799100000.0,,428100000.0,1624600000.0,428100000.0,63800000.0,,401800000.0,359900000.0,359900000.0,364300000.0,428100000.0,,,1196500000.0,2995600000.0,0.0,3423700000.0,-63100000.0,728000000.0,,,0.0,613500000.0,,,-168200000.0,,-777700000.0,14400000.0,-300000.0,359900000.0,2036700000.0,,-203500000.0,1679100000.0,973400000.0,-1924500000.0,,,,,,,,,,0.46%,74.29%,69.0,3.86,71.77,80.36,58.66,,1.33M,1.78M,1.6,60.39,2.35,6.22,"Mar 24, 2022",2.34B,"Nov 29, 2021","Dec 30, 2020",263.96M,2.56,3.39%,6.34B,,,2.25B,"Sep 29, 2021",1.71B,2.74B,14.83%,37.94%,12.28%,52.50%,3.40%,0.45%,10.74%,13.94B,51.29,,265.07M,7.06M,,,,,,,,,,4.28M,,3.04%,,,,,,2.66%,,,,,,3.49,,,,,,3.79B,14.31,4.44B,26.94,2.36,3.23%
PG,14154000000.0,65432000000.0,11544000000.0,4009000000.0,,,40315000000.0,23538000000.0,6673000000.0,22322000000.0,154000000.0,275000000.0,5241000000.0,-20091000000.0,10507000000.0,,,16174000000.0,-14529000000.0,21357000000.0,110393000000.0,13331000000.0,,121416000000.0,25545000000.0,38027000000.0,76523000000.0,43762000000.0,-136072000000.0,10664000000.0,,5240000000.0,10289000000.0,5239000000.0,997000000.0,-106000000.0,275000000.0,4223000000.0,4153000000.0,4242000000.0,5240000000.0,,,5049000000.0,15713000000.0,-1000000.0,20953000000.0,-626000000.0,1174000000.0,368000000.0,-431000000.0,170000000.0,13000000.0,94000000.0,684000000.0,-2171000000.0,-129000000.0,3000000.0,567000000.0,3500000000.0,4223000000.0,,,-4754000000.0,-2858000000.0,5121000000.0,-960000000.0,,,,,,,,,,0.11%,66.16%,149.25,2.75,154.77,165.35,130.29,,6.76M,8.11M,0.45,18.70,0.67,5.47,"May 15, 2022",21.17B,"Jan 19, 2022","Jun 29, 2021",2.39B,3.48,2.29%,39.14B,"Jun 20, 2004",2:1,11.72B,"Dec 30, 2021",14.23B,17.97B,23.46%,59.97%,18.52%,9.60%,6.10%,9.51%,31.09%,78.35B,32.17,,2.42B,,,,,14.1M,,,15.13M,,,,,,,,,0.59%,,,,,,0.59%,,,,,,1.48,,11.54B,4.82,35.65B,79.42,3.32,2.09%
PGR,31848900000.0,1772900000.0,187100000.0,584400000.0,16300000.0,47700000.0,452700000.0,1472900000.0,,4898800000.0,50571500000.0,,9399500000.0,17167700000.0,1150500000.0,5188000000.0,15674300000.0,297800000.0,40700000.0,1309900000.0,15339700000.0,,942600000.0,71132300000.0,16174800000.0,47595600000.0,52900700000.0,17737700000.0,40700000.0,11166800000.0,,1255500000.0,1318300000.0,1203900000.0,241600000.0,-51600000.0,,962300000.0,955500000.0,962300000.0,1255500000.0,62800000.0,,,11229600000.0,-51600000.0,12485100000.0,-55200000.0,-83400000.0,847200000.0,,-1688900000.0,-359800000.0,530700000.0,90400000.0,-935000000.0,,763700000.0,,,962300000.0,,-256300000.0,-55800000.0,-990800000.0,452100000.0,455300000.0,,,,,,,,,,0.29%,86.49%,,2.46,,,,,2.85M,2.7M,,30.88,0.34,6.88,"Apr 13, 2022",4.77B,"Apr 05, 2022","Dec 30, 2021",582.67M,0.4,0.38%,4.68B,"Jan 26, 2014",1:1,11.29B,"Dec 30, 2021",3.32B,7.76B,9.29%,31.80%,7.03%,-42.90%,9.40%,4.09%,19.00%,47.68B,81.57,,584.4M,,,7.17M,,,,,,,7.95M,,,,,1.23%,,,,,,1.23%,,,,,,2.42,,,,1.13B,1.93,5.08B,27.86,4.90,4.25%
PLD,1441776000.0,35526671000.0,585071000.0,7393000.0,,,,,,17135668000.0,7652323000.0,4251357000.0,,32442169000.0,2651486000.0,647800000.0,11770000.0,1250776000.0,-3091895000.0,45479990000.0,,6000.0,,57016670000.0,1232871000.0,1453552000.0,20259196000.0,32442169000.0,-3091895000.0,308996000.0,,503682000.0,965871000.0,857166000.0,59435000.0,-63638000.0,4251357000.0,723538000.0,722007000.0,797731000.0,503682000.0,4413000.0,,66970000.0,771185000.0,353484000.0,1274867000.0,,-16375000.0,-229041000.0,,252851000.0,-326545000.0,,390806000.0,-468179000.0,-6064000.0,-77416000.0,,290756000.0,723538000.0,-265431000.0,-8513000.0,-962000.0,-443816000.0,814073000.0,-380568000.0,,,,,,,,,,0.50%,96.50%,144.91,2.52,154.35,170.66,110.69,,2.72M,3.05M,0.81,43.88,0.85,2.64,"Mar 30, 2022",3.38B,"Dec 12, 2021","Dec 30, 2020",737.56M,2.52,1.57%,3.57B,,,4.07B,"Sep 29, 2021",1.97B,2.88B,36.38%,93.21%,40.22%,139.00%,10.20%,1.98%,5.89%,4.91B,6.64,,739.33M,10.53M,,,,,,,,,,9.6M,,1.86%,,,,,,1.42%,,,,,,4.37,,,,,,585.07M,0.79,17.55B,47.76,2.47,1.49%
PNR,385700000.0,1582700000.0,94500000.0,1700000.0,23100000.0,,2504500000.0,428000000.0,562900000.0,894100000.0,,,583100000.0,-510600000.0,122600000.0,6400000.0,265100000.0,323300000.0,-213900000.0,394500000.0,1051400000.0,,,4753600000.0,1304000000.0,1051700000.0,2331700000.0,2421900000.0,-213900000.0,660400000.0,100000.0,146900000.0,328200000.0,151700000.0,3100000.0,-1000000.0,,148700000.0,148700000.0,148600000.0,146900000.0,,21500000.0,159800000.0,841700000.0,4800000.0,988600000.0,-21600000.0,-78700000.0,-63800000.0,-45300000.0,34900000.0,-2100000.0,-19100000.0,19800000.0,-33100000.0,4900000.0,,9500000.0,195000000.0,148700000.0,-1800000.0,,-50000000.0,119600000.0,73100000.0,-276300000.0,,,,,,,,,,0.47%,93.11%,68.88,1.87,56.42,80.4,52.13,,1.54M,1.48M,1.12,14.13,1.24,3.02,"May 05, 2022",721.8M,"Apr 20, 2022","Dec 30, 2021",164.35M,0.84,1.54%,1.32B,"Apr 30, 2018",1489:1000,401.18M,"Dec 30, 2021",556M,613.2M,17.11%,24.10%,14.69%,44.40%,24.20%,9.00%,24.56%,3.76B,22.71,,165.48M,,,4.43M,,,,,,,5M,,,,,3.01%,,,,,,2.69%,,,,,,2.99,,,,94.5M,0.57,982.3M,40.56,0.79,1.50%
PPL,679000000.0,12303000000.0,3571000000.0,8000000.0,12000000.0,1236000000.0,716000000.0,343000000.0,322000000.0,10745000000.0,,,948000000.0,12664000000.0,1625000000.0,106000000.0,987000000.0,6385000000.0,-157000000.0,25532000000.0,2572000000.0,475000000.0,,33223000000.0,5007000000.0,2323000000.0,19500000000.0,13723000000.0,-1160000000.0,851000000.0,-8000000.0,311000000.0,634000000.0,190000000.0,48000000.0,-108000000.0,,134000000.0,134000000.0,142000000.0,311000000.0,54000000.0,,-3000000.0,1174000000.0,-121000000.0,1485000000.0,-513000000.0,-1196000000.0,-81000000.0,,56000000.0,57000000.0,-107000000.0,281000000.0,-318000000.0,,,4000000.0,67000000.0,134000000.0,-6000000.0,-1000000.0,-721000000.0,-974000000.0,292000000.0,-514000000.0,,,,,,,,,,0.13%,67.48%,,5.40,,,,,6.58M,7.06M,,19.18,2.15,-1.72,"Mar 31, 2022",2.6B,"Mar 08, 2022","Dec 30, 2021",734.58M,0.8,3.02%,2.75B,"Jun 01, 2015",10000:9314,7.5B,"Dec 30, 2021",18M,2.27B,25.63%,"7,053.32%",-25.59%,-53.80%,8.30%,2.28%,0.13%,5.78B,7.58,,750.72M,,,15.59M,,,,,,,14.97M,,,,,2.41%,,,,,,2.12%,,,,,,3.31,,,,3.57B,4.86,11.36B,82.77,1.66,5.76%
RCL,461411000.0,7547210000.0,3289326000.0,2827000.0,,,809373000.0,,142408000.0,19797377000.0,10407000.0,,397232000.0,5658125000.0,1418469000.0,70391000.0,2845455000.0,434398000.0,-675824000.0,26259936000.0,1659244000.0,924452000.0,,32665566000.0,4167381000.0,5242920000.0,26198068000.0,6467498000.0,-2741783000.0,806641000.0,,-1006062000.0,-349683000.0,-1424554000.0,0.0,-430661000.0,,-1424554000.0,-1424554000.0,-1424554000.0,-1006062000.0,,,330472000.0,1463020000.0,-418492000.0,456958000.0,-368096000.0,-961043000.0,-44973000.0,-9520000.0,69142000.0,172184000.0,449680000.0,325907000.0,,-836000.0,,,-27020000.0,-1424554000.0,-153413000.0,-8463000.0,,-180433000.0,-403215000.0,-376559000.0,,,,,,,,,,14.07%,74.86%,80.34,,78.45,98.27,61.45,,2.52M,4.17M,2.65,25.38,0.80,-21.58,"Apr 05, 2020",-2.33B,"Mar 04, 2020","Dec 30, 2020",224.35M,,,-462.7M,"Aug 02, 1998",2:1,-2.92B,"Sep 29, 2021",-5.27B,-2.5B,-616.98%,0.00%,0.00%,,,-6.98%,-71.24%,584.02M,2.39,,254.79M,14.2M,,,,,,,,,,14.37M,,6.16%,,,,,,5.57%,,,,,,2.81,,,,,,3.29B,12.91,21.55B,333.19,0.00,0.00%
RE,503961000.0,2266342000.0,1068441000.0,698000.0,,,,797735000.0,,1600948000.0,26002086000.0,,3408338000.0,9978635000.0,1678141000.0,2385744000.0,4425172000.0,19764114000.0,203733000.0,,11330097000.0,,713144000.0,36606097000.0,8128135000.0,5262400000.0,26627462000.0,9978635000.0,-3618502000.0,2979786000.0,,-55580000.0,-37763000.0,-87719000.0,-14251000.0,-15539000.0,,-73468000.0,-73468000.0,-73468000.0,-55580000.0,,,17817000.0,2997603000.0,-32139000.0,2942023000.0,,-37904000.0,-236967000.0,,427447000.0,90861000.0,973888000.0,,-61457000.0,-7936000.0,-1073302000.0,,,-73468000.0,-807000.0,104175000.0,-161156000.0,-223420000.0,1162579000.0,-969127000.0,,,,,,,,,,1.55%,97.71%,272.44,2.37,291.32,308.2,234.87,,223.28k,287.29k,0.7,253.40,1.54,25.30,"Mar 29, 2022",,"Nov 29, 2021","Dec 30, 2020",38.75M,6.2,2.18%,670.09M,,,1.24B,"Sep 29, 2021",998.64M,3.47B,10.67%,24.49%,8.79%,,15.40%,2.30%,10.34%,11.51B,291.88,,39.37M,,438.08k,,,,,,,,,,570.41k,,1.13%,,,,,,1.11%,,,,,,1.83,,,,,1.78B,45.25,1.91B,19.15,6.20,2.14%
REGN,,,,,,,,,,,,,,,,,,,,,,,,,,,,,,,,,,,,,,,,,,,,,,,,,,,,,,,,,,,,,,,,,,,,77.20B,7.98,4.80,16.98,80.19B,6.57,4.18,5.04,10.04,2.96%,86.87%,,,,,,,683.52k,745.63k,,163.52,3.56,62.53,,9.23B,,"Dec 30, 2021",101.43M,,,10.73B,,,4.28B,"Dec 30, 2021",8.08B,7.08B,55.67%,0.00%,50.24%,94.00%,104.40%,26.25%,54.21%,16.07B,152.05,,105.72M,,,2.14M,,,,,,,1.82M,,,,,2.36%,,,,,,1.97%,,,,,,2.38,,,,5.69B,53.5,2.7B,14.38,,
RHI,154767000.0,1222117000.0,633719000.0,111000.0,146280000.0,,222892000.0,3852000.0,,,,,1005633000.0,1089299000.0,146280000.0,507640000.0,56613000.0,85604000.0,-19100000.0,324943000.0,112915000.0,62000.0,,2931718000.0,2233751000.0,1341602000.0,1615675000.0,1316043000.0,-19100000.0,987239000.0,,229179000.0,725327000.0,227658000.0,56787000.0,,,170871000.0,170871000.0,170871000.0,229179000.0,,,495576000.0,1483387000.0,-1521000.0,1712566000.0,-8683000.0,90914000.0,-107221000.0,,15002000.0,-4339000.0,110339000.0,13393000.0,-41858000.0,-6502000.0,,,-60000.0,170871000.0,,-10002000.0,-66774000.0,-108692000.0,224793000.0,-18685000.0,,,,,,,,,,2.88%,90.67%,108.3,1.92,116.32,125.77,80.94,,972.16k,958.77k,1.54,12.02,1.66,4.68,"Mar 14, 2022",690.06M,"Nov 22, 2021","Dec 30, 2020",106.22M,1.52,1.38%,2.01B,"Jun 12, 2000",2:1,457.28M,"Sep 29, 2021",525.1M,490.15M,10.55%,31.62%,8.76%,125.60%,43.90%,14.39%,41.84%,6B,53.95,,111.33M,,2.25M,,,,,,,,,,2.06M,,2.72%,,,,,,2.02%,,,,,,2.69,,,,,633.72M,5.79,268.63M,20.41,1.48,1.33%
RJF,13991000000.0,2088000000.0,7201000000.0,2000000.0,305000000.0,,660000000.0,222000000.0,,2895000000.0,8630000000.0,58000000.0,29736000000.0,7363000000.0,1532000000.0,288000000.0,557000000.0,33365000000.0,-41000000.0,945000000.0,7633000000.0,,11828000000.0,61891000000.0,49902000000.0,16980000000.0,53588000000.0,8245000000.0,-1478000000.0,151000000.0,,0.0,2521000000.0,560000000.0,131000000.0,,58000000.0,429000000.0,428000000.0,429000000.0,547000000.0,72000000.0,,1902000000.0,2125000000.0,13000000.0,2672000000.0,25000000.0,4585000000.0,5000000.0,,2611000000.0,52000000.0,1367000000.0,-25000000.0,-55000000.0,-38000000.0,-614000000.0,11000000.0,-2000000.0,429000000.0,2152000000.0,-5000000.0,-1000000.0,2105000000.0,4501000000.0,-1983000000.0,,,,,,,,,,10.75%,77.15%,98.57,1.37,107.05,117.37,81.96,,1.39M,1.33M,1.19,40.08,2.94,6.63,"Apr 17, 2022",,"Jan 02, 2022","Sep 29, 2021",184.21M,1.36,1.27%,9.25B,"Sep 21, 2021",3:2,,"Sep 29, 2021",1.4B,6.62B,19.40%,15.69%,14.30%,105.30%,30.50%,2.57%,18.13%,9.81B,47.71,,206.16M,2.88M,,,,,,,,,,2.86M,,2.03%,,,,,,1.40%,,,,,,2.72,,,,,,19.88B,96.42,3.85B,46.37,1.04,0.96%
RL,472800000.0,2729700000.0,2276800000.0,1300000.0,339600000.0,13600000.0,920000000.0,107600000.0,934500000.0,1136000000.0,,,542200000.0,1695300000.0,443700000.0,21700000.0,261500000.0,327800000.0,-150200000.0,2097000000.0,6298600000.0,499400000.0,710200000.0,8135600000.0,4567300000.0,2429600000.0,5412700000.0,2722900000.0,-6306700000.0,617300000.0,,287800000.0,1198100000.0,277200000.0,59500000.0,-13400000.0,,217700000.0,217700000.0,217700000.0,287800000.0,1400000.0,,858900000.0,1527600000.0,-10600000.0,1815400000.0,-50200000.0,-111300000.0,5100000.0,-12600000.0,150400000.0,21800000.0,-63900000.0,56200000.0,-50600000.0,-19200000.0,-43200000.0,,-5100000.0,217700000.0,,,-300500000.0,-356200000.0,357500000.0,-93400000.0,,,,,,,,,,1.18%,104.45%,117.36,,117.57,142.06,100.44,,880.47k,1.13M,1.46,38.84,1.88,5.41,"Apr 14, 2022",1.04B,"Dec 21, 2021","Mar 26, 2021",90.86M,2.75,2.70%,2.89B,,,839.54M,"Dec 24, 2021",501.6M,868M,13.58%,30.92%,8.38%,81.70%,26.70%,6.23%,18.53%,5.98B,81.15,,48.74M,,,2.47M,,,,,,,3.64M,,,,,5.40%,,,,,,3.48%,,,,,,2.21,,,,2.99B,20.99,3.44B,126.29,1.38,1.30%
RMD,173696000.0,1643661000.0,276149000.0,583000.0,80765000.0,,1922037000.0,375400000.0,506644000.0,793668000.0,46928000.0,,601353000.0,728612000.0,196828000.0,77826000.0,172497000.0,163774000.0,-217003000.0,601719000.0,3222064000.0,12000000.0,33138000.0,4729167000.0,1586255000.0,624158000.0,1703118000.0,3026049000.0,-1840259000.0,386667000.0,,261913000.0,517348000.0,258788000.0,55175000.0,-5360000.0,,203613000.0,203613000.0,203613000.0,261913000.0,,59950000.0,176719000.0,642102000.0,-3125000.0,904015000.0,-27340000.0,-19129000.0,33704000.0,-55976000.0,-293303000.0,13077000.0,-14391000.0,37460000.0,-61189000.0,-4568000.0,-6600000.0,4354000.0,150000000.0,203613000.0,,-3481000.0,-195000.0,92970000.0,-65657000.0,-41874000.0,,,,,,,,,,0.80%,65.68%,257.71,1.17,243.54,301.34,187.09,,410.86k,607.75k,0.3,20.77,2.54,3.41,"Mar 16, 2022",1.07B,"Nov 08, 2021","Jun 29, 2021",144.37M,1.68,0.70%,1.89B,"Aug 30, 2010",2:1,582.84M,"Sep 29, 2021",499.75M,527.06M,28.74%,46.63%,14.92%,14.20%,20.20%,12.87%,17.52%,3.35B,23.01,,145.72M,,762.84k,,,,,,,,,,850.64k,,0.59%,,,,,,0.52%,,,,,,1.61,,,,,309.29M,2.12,950.11M,31.40,1.62,0.68%
ROL,38509000.0,102484000.0,117655000.0,492049000.0,2568000.0,,665645000.0,402538000.0,26976000.0,49250000.0,,,180160000.0,33446000.0,80253000.0,48663000.0,212478000.0,99057000.0,-17465000.0,382923000.0,524561000.0,18750000.0,,1904813000.0,373454000.0,477496000.0,803184000.0,1101629000.0,-17465000.0,305474000.0,,126847000.0,344725000.0,127072000.0,33219000.0,-222000.0,,93853000.0,93853000.0,93853000.0,126847000.0,,,194261000.0,523352000.0,225000.0,650199000.0,-6802000.0,-10873000.0,,,0.0,11238000.0,-49002000.0,23617000.0,-39945000.0,-6264000.0,,,-20000000.0,93853000.0,-6540000.0,,-309000.0,-66794000.0,79706000.0,-17521000.0,,,,,,,,,,57.38%,40.92%,34.99,0.95,33.14,40.11,28.51,,999.45k,1.92M,0.57,2.24,0.78,0.71,"Mar 09, 2022",529.98M,"Nov 08, 2021","Dec 30, 2020",238.96M,0.4,1.18%,1.11B,"Dec 10, 2020",3:2,335.81M,"Sep 29, 2021",347.97M,394.09M,18.52%,41.31%,14.74%,17.90%,11.40%,14.72%,34.21%,2.36B,4.80,,492.05M,8.94M,,,,,,,,,,9.25M,,3.95%,,,,,,1.82%,,,,,,4.49,,,,,,117.66M,0.24,322.06M,29.24,0.29,0.82%
ROP,150800000.0,2307800000.0,351500000.0,1100000.0,101100000.0,,14094500000.0,6588500000.0,176100000.0,7122600000.0,,,962400000.0,-9119200000.0,286000000.0,931100000.0,1545000000.0,1724800000.0,-183100000.0,323800000.0,9455600000.0,799200000.0,,23713900000.0,2421100000.0,3121800000.0,12150100000.0,11563800000.0,-200700000.0,494300000.0,87900000.0,420100000.0,1018000000.0,264700000.0,64800000.0,-55900000.0,,287800000.0,287800000.0,199900000.0,420100000.0,,528400000.0,69500000.0,1092200000.0,-155400000.0,1512300000.0,-10400000.0,-1000000.0,-84500000.0,-2900000.0,162500000.0,56100000.0,,157100000.0,-59500000.0,-7400000.0,,3700000.0,-410000000.0,287800000.0,-6800000.0,114800000.0,,-472600000.0,579500000.0,-100500000.0,,,,,,,,,,0.58%,95.52%,468.92,0.52,455.77,505.0,417.54,,475.07k,509.02k,1.07,107.53,0.78,10.54,"Apr 21, 2022",2.21B,"Jan 06, 2022","Dec 30, 2021",105.06M,2.48,0.56%,3.92B,"Aug 28, 2005",2:1,1.32B,"Dec 30, 2021",982.6M,2.01B,27.34%,21.33%,19.95%,12.50%,13.20%,4.14%,8.91%,5.78B,54.87,,105.48M,,,1.05M,,,,,,,1.06M,,,,,1.14%,,,,,,0.99%,,,,,,1.72,,,,351.5M,3.33,8.15B,70.51,2.25,0.48%
SBNY,95566340000.0,3751582000.0,28835657000.0,606000.0,,,,,15874000.0,3234118000.0,18317198000.0,,,7679132000.0,59168356000.0,1177331000.0,,13200000.0,-142726000.0,311427000.0,4069670000.0,150000000.0,,107850739000.0,30053758000.0,96669150000.0,100171600000.0,7679132000.0,-142726000.0,0.0,,0.0,508258000.0,327015000.0,85592000.0,,,241423000.0,232087000.0,241423000.0,333911000.0,,,174347000.0,174347000.0,-6896000.0,508258000.0,-10611000.0,3855687000.0,,,0.0,-277594000.0,-255855000.0,5328000.0,-42878000.0,,-2238643000.0,654676000.0,-100000000.0,241423000.0,10003864000.0,4089000.0,,10515662000.0,-291144000.0,-6368831000.0,,,,,,,,,,0.02%,96.65%,,,,,,,715.13k,925.64k,,128.19,,13.95,"Feb 10, 2022",,"Oct 27, 2021","Dec 30, 2020",58.67M,2.24,0.67%,1.35B,,,,"Sep 29, 2021",789.56M,499.57M,62.98%,16.07%,46.23%,74.20%,41.10%,0.95%,12.94%,1.77B,31.63,,60.63M,1.57M,,,,,,,,,,1.85M,,2.64%,,,,,,2.59%,,,,,,1.6,,,,,,28.86B,481.77,3.65B,,2.24,0.83%
SEDG,137621000.0,652109000.0,526588000.0,5000.0,21827000.0,,131757000.0,61639000.0,304713000.0,620808000.0,489958000.0,,416244000.0,1048687000.0,28267000.0,5566000.0,95167000.0,331551000.0,-19135000.0,392658000.0,609104000.0,141000.0,155581000.0,2656833000.0,1552554000.0,405507000.0,1414750000.0,1242083000.0,-19135000.0,353843000.0,,66414000.0,172561000.0,60663000.0,7615000.0,-2413000.0,,53048000.0,53048000.0,53048000.0,66414000.0,,55666000.0,50481000.0,459990000.0,-5751000.0,526404000.0,-31864000.0,2476000.0,-77567000.0,17449000.0,6360000.0,26238000.0,25431000.0,10100000.0,,879000.0,-31248000.0,1922000.0,166000.0,53048000.0,-314000.0,1151000.0,,1774000.0,61784000.0,-61961000.0,,,,,,,,,,0.86%,83.36%,288.95,,297.03,389.71,199.33,,731.28k,1.09M,1.01,23.65,3.83,2.67,,220.7M,,"Dec 30, 2020",51.79M,,,461.36M,,,-157.41M,"Sep 29, 2021",145.87M,151.78M,10.36%,0.00%,8.24%,21.20%,55.70%,4.64%,12.83%,1.77B,34.12,,52.52M,,,,1.59M,,,1.5M,,,,,,,,,3.47%,,,,,,3.03%,,,,,,1.29,,,682.17M,12.99,677.83M,54.57,,
SJM,1006800000.0,5553600000.0,284300000.0,27100000.0,,,6017800000.0,5710000000.0,1042100000.0,4309700000.0,,,563200000.0,-3460900000.0,141500000.0,98600000.0,314400000.0,1638900000.0,-269300000.0,2108900000.0,2955500000.0,,,15966400000.0,1988200000.0,1664600000.0,7699500000.0,8266900000.0,-269300000.0,1367200000.0,,280100000.0,689900000.0,109600000.0,39900000.0,-39500000.0,,69700000.0,69700000.0,69700000.0,280100000.0,15500000.0,,339000000.0,1777000000.0,-170500000.0,2057100000.0,-117300000.0,129000000.0,94900000.0,9800000.0,-7000000.0,152500000.0,1500000.0,115200000.0,-107000000.0,-200000.0,,12200000.0,-226100000.0,69700000.0,-500000.0,-1800000.0,-200000.0,-321600000.0,439700000.0,11100000.0,,,,,,,,,,4.38%,86.96%,130.65,2.92,134.52,145.82,118.55,,702.92k,852.39k,0.31,76.47,1.19,7.01,"Feb 28, 2022",1.58B,"Feb 09, 2022","Apr 29, 2021",104.29M,3.96,2.92%,3.14B,"Jun 02, 2002",0:1,557.83M,"Jan 30, 2022",576.6M,1.03B,14.16%,70.92%,7.31%,-73.30%,-0.90%,4.31%,7.00%,7.89B,72.63,,108.36M,,,6.45M,,,,,,,6.51M,,,,,6.99%,,,,,,5.94%,,,,,,8.29,,,,284.3M,2.62,4.53B,54.81,3.78,2.71%
STT,255035000000.0,,3631000000.0,504000000.0,254000000.0,,7621000000.0,1816000000.0,,13311000000.0,118991000000.0,,3313000000.0,15950000000.0,59253000000.0,2348000000.0,,45000000.0,9654000000.0,2803000000.0,25238000000.0,,109370000000.0,314624000000.0,124140000000.0,273281000000.0,287261000000.0,25387000000.0,-355000000.0,0.0,,0.0,3060000000.0,730000000.0,33000000.0,,,697000000.0,662000000.0,697000000.0,815000000.0,465000000.0,,1780000000.0,2245000000.0,-85000000.0,3060000000.0,-255000000.0,-975000000.0,,,0.0,418000000.0,3114000000.0,-94000000.0,-243000000.0,,-1646000000.0,,1104000000.0,697000000.0,-4336000000.0,5000000.0,-33000000.0,-3508000000.0,4227000000.0,-1694000000.0,,,,,,,,,,0.25%,94.47%,,2.48,,,,,2.34M,2.38M,,69.30,,6.79,"Apr 10, 2022",,"Mar 30, 2022","Dec 30, 2021",341.43M,2.28,2.92%,12.06B,"May 30, 2001",2:1,,"Dec 30, 2021",2.57B,-6.71B,28.84%,30.32%,22.33%,29.80%,4.90%,0.86%,10.06%,12.06B,34.21,,365.63M,,,3.48M,,,,,,,4.16M,,,,,0.95%,,,,,,0.95%,,,,,,1.34,,,,117.87B,321.98,25.64B,,2.13,2.59%
SYF,62270000000.0,9669000000.0,8337000000.0,1000000.0,,,1105000000.0,1168000000.0,,13758000000.0,2708000000.0,,,10648000000.0,77720000000.0,4710000000.0,,228000000.0,-69000000.0,,14245000000.0,749000000.0,,95748000000.0,13047000000.0,68107000000.0,82093000000.0,12921000000.0,-10994000000.0,0.0,,0.0,2169000000.0,1047000000.0,234000000.0,,,813000000.0,803000000.0,813000000.0,1151000000.0,92000000.0,,926000000.0,1018000000.0,-104000000.0,2169000000.0,,-1214000000.0,,,0.0,653000000.0,588000000.0,105000000.0,-130000000.0,,131000000.0,,1744000000.0,813000000.0,1914000000.0,-127000000.0,-982000000.0,2546000000.0,2004000000.0,-5764000000.0,,,,,,,,,,0.43%,99.66%,,2.34,,,,,6.32M,7.3M,,24.12,,7.07,"Feb 16, 2022",,"Feb 08, 2022","Dec 30, 2021",516.95M,0.88,2.13%,9.47B,,,,"Dec 30, 2021",4.18B,7.1B,59.23%,11.99%,44.59%,10.20%,11.60%,4.40%,32.03%,9.47B,16.77,,547.26M,,,,,13.44M,,,14.84M,,,,,,,,,2.91%,,,,,,2.55%,,,,,,2.17,,8.34B,15.99,14.51B,,0.88,2.39%
TAP,3064000000.0,6963500000.0,616300000.0,522100000.0,,,6151800000.0,13345600000.0,806500000.0,6685900000.0,,247000000.0,991600000.0,-6221900000.0,987600000.0,505500000.0,40400000.0,3498300000.0,-1134500000.0,4238600000.0,7395800000.0,572500000.0,,27643500000.0,2919900000.0,3779800000.0,14121000000.0,13275500000.0,-1605900000.0,1629100000.0,,541700000.0,1193600000.0,480600000.0,26800000.0,-63700000.0,247000000.0,453000000.0,453000000.0,453800000.0,541700000.0,,,651900000.0,2281000000.0,-61100000.0,2822700000.0,-151500000.0,-692600000.0,,,0.0,-136600000.0,800000.0,200300000.0,-73700000.0,-13100000.0,,100000.0,-972100000.0,453000000.0,,-22400000.0,,-1045700000.0,519200000.0,-153000000.0,,,,,,,,,,0.53%,90.71%,48.57,,51.31,61.48,42.46,,1.4M,1.61M,1.06,61.21,0.77,-2.05,"Mar 17, 2022",2.3B,"Dec 01, 2021","Dec 30, 2020",193.45M,0.68,1.44%,3.77B,"Oct 03, 2007",2:1,834.44M,"Sep 29, 2021",-444.1M,1.47B,16.07%,,-4.46%,32.10%,2.50%,3.55%,-3.28%,9.95B,45.87,,200.58M,13.49M,,,,,,,,,,15.07M,,9.45%,,,,,,6.22%,,,,,,9.33,,,,,,616.3M,2.84,7.52B,55.60,0.34,0.63%
TMUS,6499000000.0,73292000000.0,6631000000.0,,,1500000000.0,12188000000.0,97339000000.0,2567000000.0,68570000000.0,,,9161000000.0,-40425000000.0,6061000000.0,1786000000.0,2294000000.0,15313000000.0,-1365000000.0,70084000000.0,-2812000000.0,5623000000.0,,206563000000.0,20891000000.0,23499000000.0,137461000000.0,69102000000.0,-1378000000.0,9447000000.0,,2301000000.0,11338000000.0,229000000.0,-193000000.0,-834000000.0,,422000000.0,422000000.0,422000000.0,2301000000.0,,,5165000000.0,18484000000.0,-2072000000.0,20785000000.0,-2929000000.0,2560000000.0,-2344000000.0,-703000000.0,1794000000.0,237000000.0,-278000000.0,3872000000.0,,,,,1532000000.0,422000000.0,-52000000.0,5000000.0,-8000000.0,1472000000.0,3000000000.0,-1912000000.0,,,,,,,,,,52.61%,41.73%,125.77,,126.35,150.2,101.51,,5.35M,5.47M,0.5,54.78,0.89,2.66,"Sep 14, 2016",26.38B,"Apr 30, 2013","Dec 30, 2021",652.54M,,,45.55B,"Apr 30, 2013",1:2,-246M,"Dec 30, 2021",3.02B,13.92B,12.47%,0.00%,3.77%,-43.70%,2.20%,3.07%,4.50%,80.12B,64.24,,1.25B,,,14.65M,,,,,,,13.62M,,,,,2.12%,,,,,,1.17%,,,,,,2.3,,,,6.63B,5.31,108.82B,157.47,,
TPR,468200000.0,3521500000.0,1257400000.0,2600000.0,,,1285200000.0,1370100000.0,750000000.0,1189100000.0,,,474200000.0,272100000.0,164300000.0,82400000.0,24500000.0,551400000.0,-95700000.0,2051300000.0,-501000000.0,400000000.0,390300000.0,7929400000.0,3058500000.0,1843700000.0,5002000000.0,2927400000.0,-95700000.0,683800000.0,,476100000.0,1457400000.0,390100000.0,72200000.0,-16400000.0,,317900000.0,317900000.0,317900000.0,476100000.0,,,981300000.0,1665100000.0,-86000000.0,2141200000.0,-38300000.0,4800000.0,-48600000.0,67400000.0,32000000.0,99600000.0,129200000.0,48800000.0,-67900000.0,-8300000.0,11000000.0,19900000.0,-1800000.0,317900000.0,-55200000.0,,-500900000.0,-605900000.0,646300000.0,-27300000.0,,,,,,,,,,0.24%,92.49%,,,,,,,3.81M,4.12M,,11.45,1.66,2.92,"Mar 27, 2022",1.45B,"Mar 02, 2022","Jul 02, 2021",263.07M,0.75,2.06%,4.07B,"Apr 04, 2005",2:1,871.95M,"Dec 31, 2021",836.3M,1.25B,19.02%,16.95%,12.85%,2.20%,27.00%,9.63%,28.75%,6.51B,23.54,,275.14M,,,5.5M,,,,,,,4.65M,,,,,2.68%,,,,,,2.08%,,,,,,1.61,,,,1.65B,6.24,3.32B,113.27,0.25,0.73%
TRMB,193400000.0,1914400000.0,513200000.0,300000.0,496000000.0,55000000.0,3823600000.0,473500000.0,323400000.0,1292800000.0,,,580500000.0,-415300000.0,770200000.0,143400000.0,719200000.0,559100000.0,-140600000.0,375600000.0,2107700000.0,29100000.0,,7003400000.0,1560500000.0,1141200000.0,3121600000.0,3881800000.0,-140600000.0,374900000.0,,149000000.0,526500000.0,156700000.0,32700000.0,-15900000.0,,124000000.0,124000000.0,124000000.0,149000000.0,,132500000.0,210700000.0,752400000.0,7700000.0,901400000.0,-10000000.0,28800000.0,-1500000.0,-28100000.0,-700000.0,10800000.0,17500000.0,44400000.0,,-5600000.0,,1100000.0,-58400000.0,124000000.0,-100000.0,-3200000.0,-82700000.0,-140100000.0,166400000.0,8100000.0,19.20B,23.42,5.25,24.94,18.12B,2.50,4.59,5.01,37.17,0.42%,94.63%,,,,,,,1.13M,1.55M,,15.47,1.37,2.20,,772.3M,,"Dec 31, 2020",249.98M,,,1.85B,"Mar 20, 2013",2:1,656.99M,"Sep 30, 2021",557.7M,783.5M,16.51%,0.00%,15.65%,46.40%,13.80%,5.40%,15.43%,3.56B,14.18,,251.01M,,2.11M,,,,,,,,,,2.75M,,1.07%,,,,,,0.84%,,,,,,1.77,,,,,513.2M,2.05,1.45B,37.36,,
TRV,57426000000.0,,818000000.0,24084000000.0,,,4005000000.0,2879000000.0,,7190000000.0,81748000000.0,,8289000000.0,24160000000.0,5295000000.0,12918000000.0,16681000000.0,10835000000.0,1166000000.0,,40438000000.0,,4754000000.0,120706000000.0,26779000000.0,74207000000.0,92232000000.0,28474000000.0,-36048000000.0,6745000000.0,,873000000.0,2060000000.0,786000000.0,124000000.0,-87000000.0,,662000000.0,657000000.0,662000000.0,873000000.0,,,1187000000.0,7932000000.0,-87000000.0,8805000000.0,,129000000.0,256000000.0,,492000000.0,142000000.0,-502000000.0,212000000.0,-219000000.0,-7000000.0,-1728000000.0,50000000.0,,662000000.0,,92000000.0,-601000000.0,-770000000.0,2543000000.0,-1637000000.0,,,,,,,,,,0.28%,84.70%,161.86,2.35,176.99,187.98,144.44,,1.01M,1.52M,0.78,115.75,0.36,14.28,"Mar 30, 2022",5.63B,"Dec 08, 2021","Dec 30, 2020",245.14M,3.52,2.21%,8.09B,"May 11, 1998",2:1,14.15B,"Sep 29, 2021",3.61B,7.48B,13.91%,24.25%,10.64%,-20.00%,6.40%,2.51%,12.92%,34.2B,136.29,,246.01M,4.1M,,,,,,,,,,4.09M,,1.67%,,,,,,1.67%,,,,,,2.65,,,,,,5.57B,22.65,7.29B,25.60,3.46,1.87%
TSN,2225000000.0,4486000000.0,2507000000.0,45000000.0,,,10549000000.0,6519000000.0,4382000000.0,8281000000.0,109000000.0,131000000.0,2400000000.0,655000000.0,942000000.0,533000000.0,1981000000.0,3481000000.0,-172000000.0,8368000000.0,17502000000.0,1067000000.0,,36309000000.0,9822000000.0,6325000000.0,18455000000.0,17723000000.0,-4310000000.0,10270000000.0,,2061000000.0,2541000000.0,1835000000.0,477000000.0,-103000000.0,131000000.0,1355000000.0,1355000000.0,1358000000.0,2061000000.0,,,480000000.0,10750000000.0,-226000000.0,12811000000.0,-350000000.0,829000000.0,-508000000.0,-567000000.0,351000000.0,-881000000.0,705000000.0,300000000.0,-159000000.0,-7000000.0,,8000000.0,-1012000000.0,1355000000.0,-9000000.0,3000000.0,-17000000.0,-1189000000.0,1184000000.0,841000000.0,,,,,,,,,,2.18%,85.26%,,1.94,,,,,1.87M,2.75M,,48.56,1.55,8.34,"Jun 14, 2022",5.95B,"Nov 29, 2021","Oct 01, 2021",287.61M,1.84,2.05%,6.86B,"Feb 17, 1997",3:2,3.24B,"Oct 01, 2021",3.05B,3.84B,10.11%,21.34%,6.48%,107.20%,11.80%,8.40%,18.41%,47.05B,129.61,,293.07M,4.58M,,,,,,,,,,4.47M,,1.79%,,,,,,1.26%,,,,,,1.91,,,,,,2.51B,6.87,9.87B,55.29,1.78,1.90%
TWTR,207912000.0,8468708000.0,3473865000.0,4000.0,1133816000.0,,1293826000.0,46702000.0,,4250678000.0,179500000.0,,1014208000.0,5832103000.0,1250674000.0,32981000.0,944201000.0,70291000.0,-106794000.0,3169409000.0,-1183996000.0,,3937447000.0,14589345000.0,8649234000.0,2114981000.0,7416714000.0,7172631000.0,-112085000.0,484479000.0,,23153000.0,799338000.0,-727082000.0,-190325000.0,-13284000.0,,-536757000.0,-536757000.0,-536757000.0,23153000.0,,324252000.0,451933000.0,1260664000.0,-750235000.0,1283817000.0,-411227000.0,-651957000.0,-69139000.0,,17883000.0,-58280000.0,901825000.0,133448000.0,,-4392000.0,554227000.0,51000.0,-954000000.0,-536757000.0,,-52000000.0,-175672000.0,-1129621000.0,388980000.0,93076000.0,,,,,,,,,,2.57%,80.19%,,,,,,,134.14M,38.21M,,8.99,4.09,-0.23,,775.93M,,"Dec 30, 2020",777.43M,,,2.35B,,,844.86M,"Sep 29, 2021",-180.99M,1.49B,7.45%,0.00%,-3.77%,,37.10%,1.61%,-2.42%,4.8B,6.03,,799.61M,22.88M,,,,,,,,,,23.52M,,3.28%,,,,,,2.86%,,,,,,1.01,,,,,,7.41B,9.29,5.45B,75.98,,
TXT,786000000.0,1863000000.0,1922000000.0,28000000.0,,,2149000000.0,,3468000000.0,3179000000.0,,,1555000000.0,4666000000.0,2653000000.0,301000000.0,1811000000.0,1680000000.0,-789000000.0,2912000000.0,5870000000.0,6000000.0,,15827000000.0,8046000000.0,3399000000.0,9012000000.0,6815000000.0,-946000000.0,2879000000.0,,157000000.0,443000000.0,247000000.0,40000000.0,,,207000000.0,207000000.0,207000000.0,157000000.0,,,286000000.0,3165000000.0,90000000.0,3322000000.0,-171000000.0,-65000000.0,-66000000.0,209000000.0,12000000.0,33000000.0,-60000000.0,105000000.0,-4000000.0,-2000000.0,,11000000.0,-6000000.0,207000000.0,,17000000.0,-335000000.0,-334000000.0,425000000.0,-154000000.0,,,,,,,,,,0.49%,87.08%,,0.16,,,,,1.19M,1.32M,,27.31,2.37,3.40,"Mar 31, 2022",1.27B,"Mar 09, 2022","Dec 31, 2021",215.54M,0.08,0.12%,1.94B,"Aug 26, 2007",2:1,1.3B,"Dec 31, 2021",747M,1.6B,7.11%,2.42%,6.02%,-12.30%,-9.40%,3.52%,11.80%,12.38B,55.25,,220.42M,,,,,4.83M,,,3.99M,,,,,,,,,3.00%,,,,,,2.19%,,,,,,3.58,,1.92B,8.87,4.15B,60.87,0.08,0.12%
UNH,50210000000.0,,21085000000.0,10000000.0,,,75435000000.0,10436000000.0,,43345000000.0,44777000000.0,4354000000.0,28232000000.0,-15593000000.0,16361000000.0,,25745000000.0,15493000000.0,-4856000000.0,8730000000.0,75124000000.0,,2786000000.0,213045000000.0,57306000000.0,79575000000.0,138413000000.0,70278000000.0,-4856000000.0,55104000000.0,,5712000000.0,17233000000.0,5290000000.0,1099000000.0,-422000000.0,4354000000.0,4086000000.0,4086000000.0,4191000000.0,5712000000.0,,,10725000000.0,66625000000.0,-422000000.0,72337000000.0,-629000000.0,1253000000.0,371000000.0,,1065000000.0,335000000.0,927000000.0,796000000.0,-1367000000.0,-51000000.0,-913000000.0,313000000.0,-1125000000.0,4086000000.0,-1168000000.0,-252000000.0,-1050000000.0,-4397000000.0,7580000000.0,-1879000000.0,,,,,,,,,,0.55%,89.06%,,1.39,,,,,3.35M,3.3M,,74.61,0.72,16.11,"Mar 21, 2022",24.2B,"Dec 02, 2021","Dec 30, 2020",937.03M,5.8,1.18%,67B,"May 30, 2005",2:1,24.69B,"Sep 29, 2021",15.43B,25.23B,7.86%,33.50%,5.52%,28.80%,11.10%,6.79%,21.99%,279.32B,295.50,,941.85M,5.41M,,,,,,,,,,5.92M,,0.58%,,,,,,0.57%,,,,,,1.6,,,,,,23.87B,25.34,46.96B,62.93,5.40,1.01%
UNP,752000000.0,4979000000.0,960000000.0,2781000000.0,,,,686000000.0,621000000.0,27319000000.0,2241000000.0,,1722000000.0,13475000000.0,1075000000.0,202000000.0,1529000000.0,14628000000.0,-914000000.0,55972000000.0,55049000000.0,2074000000.0,46000000.0,63525000000.0,3551000000.0,5744000000.0,49364000000.0,14161000000.0,-48648000000.0,2431000000.0,,2444000000.0,3302000000.0,2228000000.0,517000000.0,-295000000.0,,1711000000.0,1711000000.0,1711000000.0,2444000000.0,302000000.0,,,3289000000.0,-216000000.0,5733000000.0,-991000000.0,-255000000.0,-43000000.0,43000000.0,188000000.0,-24000000.0,12000000.0,556000000.0,-755000000.0,,,,321000000.0,1711000000.0,12000000.0,16000000.0,-1445000000.0,-1867000000.0,2529000000.0,-917000000.0,,,,,,,,,,0.23%,81.31%,,2.01,,,,,4.34M,3.88M,,21.60,0.62,9.34,"Mar 30, 2022",11.57B,"Feb 24, 2022","Dec 30, 2021",635.45M,4.72,1.95%,12.75B,"Jun 08, 2014",2:1,4.76B,"Dec 30, 2021",6.52B,9.03B,42.94%,43.12%,29.92%,24.00%,11.50%,9.29%,41.92%,21.8B,33.35,,642.88M,,,,,7.97M,,,8.64M,,,,,,,,,1.25%,,,,,,1.25%,,,,,,2.39,,1.01B,1.58,31.49B,222.36,4.08,1.66%
UPS,6445000000.0,1088000000.0,10212000000.0,9000000.0,181000000.0,,3332000000.0,2224000000.0,,20575000000.0,17000000.0,16000000.0,10813000000.0,6485000000.0,1004000000.0,1470000000.0,1344000000.0,14423000000.0,-3013000000.0,36319000000.0,13973000000.0,1000000000.0,348000000.0,65739000000.0,22843000000.0,15472000000.0,53682000000.0,12041000000.0,-3029000000.0,17421000000.0,,3255000000.0,5763000000.0,2993000000.0,664000000.0,-177000000.0,16000000.0,2329000000.0,2329000000.0,2329000000.0,3255000000.0,1770000000.0,,,19929000000.0,-262000000.0,23184000000.0,-900000000.0,604000000.0,-460000000.0,,-36000000.0,478000000.0,258000000.0,738000000.0,-860000000.0,-19000000.0,-13000000.0,55000000.0,-512000000.0,2329000000.0,-1000000.0,35000000.0,-500000000.0,-1818000000.0,3307000000.0,-866000000.0,,,,,,,,,,0.01%,70.13%,,2.95,,,,,3.76M,3.39M,,13.86,1.48,7.36,"Mar 09, 2022",10.87B,"Nov 18, 2021","Dec 30, 2020",728.78M,4.08,1.88%,11.49B,,,3.21B,"Sep 29, 2021",6.45B,12.94B,8.43%,55.68%,6.83%,19.00%,9.20%,7.77%,73.03%,94.41B,108.15,,729.16M,7.33M,,,,,,,,,,9.03M,,1.01%,,,,,,0.84%,,,,,,2.79,,,,,,10.56B,12.15,25.61B,212.38,4.07,2.17%
USB,456083000000.0,8539000000.0,28827000000.0,21000000.0,,,10262000000.0,3738000000.0,44000000.0,30712000000.0,179305000000.0,469000000.0,,37500000000.0,336479000000.0,9046000000.0,,15414000000.0,-1943000000.0,3305000000.0,69201000000.0,1300000000.0,,573284000000.0,40195000000.0,470793000000.0,517897000000.0,48547000000.0,-29214000000.0,0.0,,0.0,5609000000.0,2137000000.0,459000000.0,,469000000.0,1673000000.0,1582000000.0,1678000000.0,2177000000.0,209000000.0,,3223000000.0,3432000000.0,-40000000.0,5609000000.0,,-34999000000.0,,,0.0,-1095000000.0,,125000000.0,-770000000.0,,-26066000000.0,5000000.0,-7706000000.0,1673000000.0,13014000000.0,-117000000.0,-18000000.0,6016000000.0,703000000.0,-41718000000.0,,,,,,,,,,0.09%,76.74%,57.57,2.90,55.62,63.57,49.78,,8.5M,8.38M,1.04,32.22,,4.98,"Apr 14, 2022",,"Dec 29, 2021","Dec 30, 2021",1.48B,1.84,3.33%,23.76B,"Feb 26, 2001",1265:1000,,"Dec 30, 2021",7.61B,9.87B,43.45%,34.51%,33.51%,10.10%,7.10%,1.42%,14.64%,23.76B,15.96,,1.48B,,,,,12.57M,,,11.15M,,,,,,,,,0.85%,,,,,,0.85%,,,,,,1.53,,31.1B,20.96,46.4B,,1.72,3.38%
VRSK,440000000.0,2567400000.0,302100000.0,100000.0,8700000.0,,4129500000.0,1265300000.0,,2340900000.0,213400000.0,19400000.0,489000000.0,-2680400000.0,188000000.0,35500000.0,595200000.0,483500000.0,-428600000.0,932200000.0,5145700000.0,349400000.0,4600000.0,7662500000.0,934100000.0,1843100000.0,4928700000.0,2714400000.0,-4998800000.0,265300000.0,,289000000.0,493700000.0,259100000.0,54200000.0,-29900000.0,19400000.0,201700000.0,201700000.0,204900000.0,289000000.0,,,115000000.0,470000000.0,-29900000.0,759000000.0,-61400000.0,25800000.0,-7900000.0,,-22000000.0,20100000.0,-7700000.0,89700000.0,-46800000.0,-2500000.0,-6000000.0,23900000.0,15000000.0,201700000.0,-11100000.0,-2400000.0,-150200000.0,-169200000.0,285200000.0,-87700000.0,,,,,,,,,,1.06%,93.38%,203.79,,199.0,231.57,167.37,,968.81k,1.28M,0.76,16.82,0.51,4.28,"Mar 30, 2022",1.32B,"Dec 13, 2021","Dec 30, 2020",159.69M,1.16,0.52%,1.79B,,,820.77M,"Sep 29, 2021",700.5M,1.22B,35.98%,26.64%,23.78%,8.60%,8.00%,8.90%,27.18%,2.95B,18.17,,161.16M,1.91M,,,,,,,,,,1.79M,,1.34%,,,,,,1.18%,,,,,,1.93,,,,,,306.7M,1.9,3.41B,124.74,1.14,0.53%
VTR,1033129000.0,15504210000.0,143770000.0,99777000.0,11496000.0,,1046070000.0,485575000.0,,12078835000.0,697017000.0,370773000.0,237580000.0,9545071000.0,750997000.0,369521000.0,20518000.0,174889000.0,-67601000.0,21313894000.0,-4459630000.0,,,25044424000.0,750871000.0,1143660000.0,13596935000.0,11076716000.0,-67641000.0,523790000.0,,110788000.0,454643000.0,66554000.0,3780000.0,-108816000.0,370773000.0,60680000.0,60680000.0,62774000.0,110788000.0,,,30259000.0,867645000.0,-44234000.0,978433000.0,-45189000.0,-78246000.0,,,15121000.0,-6421000.0,-40115000.0,202194000.0,-169134000.0,-928000.0,-20982000.0,604035000.0,-126467000.0,60680000.0,-21973000.0,111000.0,,286461000.0,231459000.0,-595238000.0,,,,,,,,,,0.38%,96.73%,55.07,5.16,57.06,64.02,45.44,,1.9M,2.54M,1.2,27.75,0.66,0.53,"Apr 13, 2022",1.46B,"Dec 30, 2021","Dec 30, 2020",397.23M,1.8,3.43%,1.84B,"Aug 17, 2015",8757:10000,447.85M,"Sep 29, 2021",200.31M,1.06B,15.50%,333.33%,5.33%,375.90%,6.40%,1.48%,1.89%,3.76B,9.99,,399.18M,,,,,8.34M,,,9.17M,,,,,,,,,2.45%,,,,,,2.09%,,,,,,3.37,,143.77M,0.36,12.28B,107.26,1.80,2.95%
VZ,20153000000.0,13402000000.0,9936000000.0,429000000.0,,2151000000.0,24887000000.0,152789000000.0,2303000000.0,143056000000.0,1831000000.0,1445000000.0,22896000000.0,-100632000000.0,9948000000.0,3450000000.0,9691000000.0,66139000000.0,-219000000.0,123725000000.0,70062000000.0,7515000000.0,,353457000000.0,40277000000.0,41358000000.0,274968000000.0,77044000000.0,-6849000000.0,13528000000.0,,9356000000.0,19387000000.0,8374000000.0,1820000000.0,-801000000.0,1445000000.0,6407000000.0,6407000000.0,6554000000.0,9356000000.0,,,6070000000.0,23559000000.0,-982000000.0,32915000000.0,-5145000000.0,5026000000.0,,,0.0,-165000000.0,521000000.0,3961000000.0,-2599000000.0,,,,-201000000.0,6407000000.0,-281000000.0,156000000.0,,-3081000000.0,10724000000.0,-2617000000.0,,,,,,,,,,0.02%,65.77%,,4.45,,,,,24.72M,25.03M,,18.61,0.97,5.32,"May 01, 2022",50.3B,"Jan 06, 2022","Dec 30, 2020",3.98B,2.56,4.79%,77.09B,"Jul 01, 2010",1000000:937889,-24.47B,"Sep 29, 2021",22.04B,40.46B,25.29%,47.42%,16.42%,47.10%,4.30%,6.52%,31.17%,134.24B,32.41,,4.2B,66.73M,,,,,,,,,,48.28M,,1.59%,,,,,,1.59%,,,,,,2.9,,,,,,10.15B,2.45,178.98B,228.04,2.52,4.70%
WAT,96799000.0,2114880000.0,501234000.0,1621000.0,,,437865000.0,242401000.0,356095000.0,1519233000.0,,,612648000.0,-312712000.0,153077000.0,90914000.0,454611000.0,468014000.0,-111865000.0,632647000.0,7800832000.0,,68051000.0,3094932000.0,1628942000.0,680508000.0,2727378000.0,367554000.0,-9549779000.0,351004000.0,,267128000.0,485445000.0,252320000.0,36081000.0,-10884000.0,,216239000.0,216239000.0,216239000.0,267128000.0,,43331000.0,173251000.0,569321000.0,-14808000.0,836449000.0,-44652000.0,-23468000.0,-85920000.0,26628000.0,16834000.0,5676000.0,4727000.0,33754000.0,,-3836000.0,61450000.0,643000.0,-100000000.0,216239000.0,1224000.0,,-156235000.0,-254368000.0,217938000.0,16798000.0,,,,,,,,,,0.63%,92.74%,,,,,,,368.74k,371.5k,,4.83,2.39,11.16,,958.43M,"Nov 25, 1996","Dec 30, 2021",60.15M,,,1.63B,"Aug 27, 2000",2:1,405.57M,"Dec 30, 2021",692.84M,747.27M,29.68%,0.00%,24.87%,-0.90%,6.30%,17.41%,231.06%,2.79B,45.24,,61.04M,,,2.23M,,,,,,,2.05M,,,,,4.16%,,,,,,3.68%,,,,,,5.81,,,,569.28M,9.41,1.61B,437.15,,
WBD,,,,,,,,,,,,,,,,,,,,,,,,,,,,,,,,,,,,,,,,,,,,,,,,,,,,,,,,,,,,,,,,,,,,,,,,,,,,,,,26.7,,26.83,39.7,21.66,,29.18M,11.94M,,,,,,,,,,,,,,,,,,,,,,,,,,,,,,,,,,,,,,,,,,,,,,,,,,,,,,,,,,,,,,,,,
WDC,2411000000.0,3519000000.0,2531000000.0,3000000.0,,,10065000000.0,300000000.0,3647000000.0,7057000000.0,606000000.0,,2743000000.0,1653000000.0,1834000000.0,614000000.0,252000000.0,1728000000.0,-217000000.0,3685000000.0,8713000000.0,299000000.0,,26025000000.0,9535000000.0,4929000000.0,14007000000.0,12018000000.0,-217000000.0,3225000000.0,,754000000.0,1608000000.0,646000000.0,82000000.0,-76000000.0,,564000000.0,564000000.0,564000000.0,754000000.0,,575000000.0,279000000.0,4079000000.0,-108000000.0,4833000000.0,-306000000.0,-759000000.0,-298000000.0,-103000000.0,148000000.0,124000000.0,-22000000.0,242000000.0,,-1000000.0,2000000.0,58000000.0,-1214000000.0,564000000.0,-9000000.0,35000000.0,-2000000.0,-1167000000.0,666000000.0,-257000000.0,,,,,,,,,,0.22%,83.63%,57.73,,50.2,78.19,43.85,,3.56M,3.99M,1.59,36.53,1.93,4.78,"Apr 16, 2020",3.36B,"Apr 01, 2020","Jul 01, 2021",311.91M,,,4.45B,"Jun 03, 1997",2:1,1.13B,"Dec 30, 2021",1.99B,2.3B,12.52%,0.00%,10.52%,809.70%,22.60%,5.75%,18.25%,18.94B,61.40,,311.62M,,,,,5.94M,,,7.85M,,,,,,,,,2.12%,,,,,,1.90%,,,,,,1.17,,2.53B,8.09,7.69B,64.00,0.00,0.00%
WEC,1005700000.0,4138100000.0,16300000.0,3200000.0,,3264800000.0,3052800000.0,,635800000.0,13523700000.0,1789400000.0,200100000.0,1505700000.0,7860400000.0,4507200000.0,253400000.0,680900000.0,10598500000.0,-3200000.0,26982400000.0,6775100000.0,169400000.0,,38988500000.0,2656700000.0,3753000000.0,27875200000.0,10913200000.0,-3200000.0,1546900000.0,,326800000.0,655000000.0,244000000.0,20500000.0,-113900000.0,200100000.0,224200000.0,224200000.0,223500000.0,326800000.0,53100000.0,,,1875100000.0,-82800000.0,2201900000.0,-624900000.0,-21700000.0,-411600000.0,9900000.0,142000000.0,-66700000.0,-146900000.0,275100000.0,-213600000.0,,,9200000.0,848900000.0,224200000.0,-51700000.0,1600000.0,-17400000.0,575400000.0,26000000.0,-623100000.0,,,,,,,,,,0.16%,74.68%,93.69,2.93,95.43,105.43,86.84,,1.29M,1.61M,0.25,34.58,0.71,4.15,"Feb 28, 2022",2.79B,"Feb 10, 2022","Dec 30, 2021",314.77M,2.91,3.28%,3B,"Mar 01, 2011",2:1,-872.68M,"Dec 30, 2021",1.3B,2.03B,20.62%,65.94%,15.64%,-6.20%,13.90%,2.82%,11.91%,8.32B,26.37,,315.44M,,,,,2.96M,,,2.87M,,,,,,,,,1.07%,,,,,,0.94%,,,,,,2.33,,16.3M,0.05,15.59B,140.28,2.66,2.55%
WELL,,22148859000.0,303982000.0,436640000.0,,,68321000.0,404383000.0,,13669408000.0,977955000.0,1308908000.0,1253251000.0,16390499000.0,957114000.0,329452000.0,,,-5613818000.0,29185567000.0,,27731000.0,,33480025000.0,1886685000.0,1113805000.0,15307914000.0,16863203000.0,-5722296000.0,731221000.0,,208566000.0,508576000.0,195276000.0,4940000.0,-122522000.0,1308908000.0,179663000.0,179663000.0,190336000.0,208566000.0,,,32256000.0,1031231000.0,-13290000.0,1239797000.0,,-446059000.0,-69537000.0,,0.0,-108131000.0,79355000.0,271732000.0,-260792000.0,-2836000.0,7364000.0,1000000000.0,273098000.0,179663000.0,-25273000.0,16074000.0,,987033000.0,353082000.0,-1783338000.0,,,,,,,,,,0.16%,93.19%,85.94,4.72,89.11,99.43,70.74,,1.82M,2.37M,1.01,38.74,1.69,1.03,"Mar 07, 2022",1.73B,"Nov 14, 2021","Dec 30, 2020",434.51M,2.44,2.77%,1.98B,"Sep 03, 1985",3:2,1.92B,"Sep 29, 2021",441.2M,1.25B,15.73%,221.82%,9.69%,-44.80%,19.60%,1.36%,2.61%,4.55B,10.84,,435.28M,10.04M,,,,,,,,,,10.6M,,3.07%,,,,,,2.31%,,,,,,4.66,,,,,,303.98M,0.7,14.24B,78.37,2.44,2.53%
XOM,26623000000.0,,6802000000.0,15746000000.0,4450000000.0,,,,18780000000.0,41667000000.0,31363000000.0,7106000000.0,32383000000.0,168577000000.0,25772000000.0,1189000000.0,20477000000.0,59215000000.0,-13764000000.0,222634000000.0,392059000000.0,2281000000.0,,338923000000.0,59154000000.0,56643000000.0,163240000000.0,168577000000.0,-239228000000.0,54009000000.0,,11128000000.0,28876000000.0,11729000000.0,2650000000.0,-221000000.0,7106000000.0,8870000000.0,8870000000.0,9079000000.0,11128000000.0,10660000000.0,,2103000000.0,71757000000.0,601000000.0,82885000000.0,-4089000000.0,2034000000.0,-12098000000.0,-489000000.0,16820000000.0,1863000000.0,-2303000000.0,4461000000.0,-3763000000.0,-21000000.0,-1762000000.0,,-8824000000.0,8870000000.0,-218000000.0,1140000000.0,-154000000.0,-12959000000.0,17124000000.0,-2110000000.0,,,,,,,,,,0.10%,54.62%,66.58,5.35,81.6,91.51,52.1,,22.51M,32.92M,1.17,37.93,1.04,-1.39,"Mar 09, 2022",46.19B,"Feb 08, 2022","Dec 30, 2021",4.23B,3.52,4.64%,90.05B,"Jul 18, 2001",2:1,28.53B,"Dec 30, 2021",23.04B,48.13B,9.60%,64.75%,8.26%,,79.40%,4.98%,13.89%,278.98B,65.26,,4.23B,,,,,45.71M,,,36.05M,,,,,,,,,1.08%,,,,,,1.08%,,,,,,1.54,,6.8B,1.61,53.03B,30.18,3.48,4.07%
XYL,577000000.0,2077000000.0,1255000000.0,2000000.0,,,2816000000.0,1037000000.0,679000000.0,2455000000.0,,9000000.0,973000000.0,-760000000.0,623000000.0,,316000000.0,1280000000.0,-422000000.0,618000000.0,2092000000.0,,,8151000000.0,3057000000.0,1314000000.0,5049000000.0,3093000000.0,-1078000000.0,793000000.0,,147000000.0,472000000.0,133000000.0,19000000.0,-21000000.0,9000000.0,114000000.0,114000000.0,114000000.0,147000000.0,,49000000.0,276000000.0,1118000000.0,-14000000.0,1265000000.0,-47000000.0,-585000000.0,-12000000.0,-46000000.0,-17000000.0,11000000.0,,62000000.0,-50000000.0,-9000000.0,,6000000.0,-600000000.0,114000000.0,,2000000.0,,-644000000.0,112000000.0,-44000000.0,,,,,,,,,,0.91%,91.34%,,1.13,,,,,1.37M,1.55M,,17.16,2.33,2.55,"Mar 16, 2022",876M,"Nov 21, 2021","Dec 30, 2020",179.6M,1.12,1.04%,1.84B,,,418M,"Sep 29, 2021",462M,688M,11.97%,43.14%,8.81%,208.10%,3.70%,4.73%,15.46%,5.25B,29.10,,180.32M,,3.31M,,,,,,,,,,3.39M,,2.33%,,,,,,1.83%,,,,,,2.98,,,,,1.26B,6.96,2.52B,81.40,1.10,1.30%
YUM,227000000.0,,486000000.0,,724000000.0,,657000000.0,359000000.0,,11175000000.0,124000000.0,,646000000.0,-9389000000.0,1278000000.0,262000000.0,395000000.0,899000000.0,-325000000.0,2016000000.0,-8048000000.0,99000000.0,,5966000000.0,1532000000.0,1415000000.0,14339000000.0,-8373000000.0,-325000000.0,1017000000.0,,522000000.0,873000000.0,407000000.0,77000000.0,-135000000.0,,330000000.0,330000000.0,330000000.0,522000000.0,-15000000.0,,366000000.0,1368000000.0,-115000000.0,1890000000.0,-92000000.0,-540000000.0,-46000000.0,,98000000.0,9000000.0,-28000000.0,47000000.0,-146000000.0,-18000000.0,,,-10000000.0,330000000.0,4000000.0,5000000.0,-734000000.0,-886000000.0,414000000.0,-50000000.0,,,,,,,,,,0.17%,81.41%,,1.72,,,,,2.04M,2.16M,,-26.72,1.08,5.18,"Mar 10, 2022",2.3B,"Feb 16, 2022","Dec 30, 2021",288.58M,2.28,1.92%,3.17B,"Oct 31, 2016",1391:1000,1.04B,"Dec 30, 2021",1.58B,1.71B,32.46%,38.39%,23.92%,-0.60%,8.40%,22.60%,,6.58B,22.17,,293.13M,,,2.34M,,,,,,,3.83M,,,,,0.90%,,,,,,0.81%,,,,,,0.98,,,,486M,1.68,12.22B,,2.00,1.67%
ZBH,,,478500000.0,12666400000.0,,,9192200000.0,6299800000.0,2394500000.0,5463700000.0,,,1404900000.0,-2825600000.0,1062900000.0,607100000.0,1862800000.0,1858400000.0,,2016500000.0,,1605100000.0,,23456400000.0,4885000000.0,3467900000.0,10790000000.0,12666400000.0,,631200000.0,,347000000.0,1406700000.0,-138700000.0,-54800000.0,-48800000.0,,-84000000.0,-84000000.0,-83900000.0,347000000.0,,113400000.0,794400000.0,1690900000.0,-485700000.0,2037900000.0,-142000000.0,-441100000.0,-33000000.0,113400000.0,83500000.0,182900000.0,33900000.0,267100000.0,-50200000.0,-4800000.0,,5200000.0,-555000000.0,-84000000.0,-55800000.0,-4200000.0,,-655800000.0,365700000.0,-146200000.0,,,,,,,,,,5.51%,91.97%,132.71,0.75,121.54,175.11,105.31,,1.43M,1.96M,1.22,60.84,1.41,3.91,"Apr 28, 2022",2.36B,"Mar 27, 2022","Dec 30, 2021",208.62M,0.96,0.78%,5.54B,,,1.17B,"Dec 30, 2021",401.6M,1.5B,16.52%,50.26%,5.12%,,-2.30%,3.38%,3.23%,7.84B,37.57,,208.91M,,,,,2.07M,,,3M,,,,,,,,,0.99%,,,,,,0.99%,,,,,,1.15,,478.5M,2.29,7.07B,55.81,0.96,0.76%
ZBRA,609000000.0,447000000.0,307000000.0,1000000.0,106000000.0,,3194000000.0,456000000.0,438000000.0,952000000.0,91000000.0,,686000000.0,-834000000.0,196000000.0,93000000.0,518000000.0,396000000.0,-28000000.0,404000000.0,3382000000.0,68000000.0,,5865000000.0,1524000000.0,1581000000.0,3049000000.0,2816000000.0,-1014000000.0,790000000.0,,243000000.0,646000000.0,228000000.0,29000000.0,-5000000.0,,199000000.0,199000000.0,199000000.0,243000000.0,,141000000.0,233000000.0,1193000000.0,-15000000.0,1436000000.0,-13000000.0,-31000000.0,-48000000.0,49000000.0,42000000.0,15000000.0,36000000.0,48000000.0,,4000000.0,-7000000.0,,,199000000.0,-22000000.0,,,-22000000.0,297000000.0,-310000000.0,,,,,,,,,,0.50%,87.85%,523.11,,423.4,615.0,375.63,,400.84k,472.9k,1.53,52.68,0.96,15.68,,1.18B,,"Dec 30, 2020",53.15M,,,2B,"Aug 25, 2004",3:2,1.01B,"Oct 01, 2021",845M,1.27B,18.36%,0.00%,15.45%,71.60%,26.90%,11.30%,35.60%,5.47B,102.33,,53.44M,,324.4k,,,,,,,,,,506.82k,,0.69%,,,,,,0.61%,,,,,,1.12,,,,,307M,5.74,1.14B,40.48,,
